Year,Age Group Code,Age Group Description,Gender Code,Gender Description,Race Ethnicity Code,Race/Ethnicity Description,County Code,County,Population Black Non Hispanic
2003,0,Total,0,Total,2,Black Non Hispanic,1,New York State,3024588
2003,0,Total,0,Total,2,Black Non Hispanic,2,New York City,2050128
2003,0,Total,0,Total,2,Black Non Hispanic,3,Bronx,434154
2003,0,Total,0,Total,2,Black Non Hispanic,4,Kings,882768
2003,0,Total,0,Total,2,Black Non Hispanic,5,New York,237515
2003,0,Total,0,Total,2,Black Non Hispanic,6,Queens,450119
2003,0,Total,0,Total,2,Black Non Hispanic,7,Richmond,45572
2003,0,Total,0,Total,2,Black Non Hispanic,8,Rest of State,974460
2003,0,Total,0,Total,2,Black Non Hispanic,9,Albany,36205
2003,0,Total,0,Total,2,Black Non Hispanic,10,Allegany,521
2003,0,Total,0,Total,2,Black Non Hispanic,11,Broome,8314
2003,0,Total,0,Total,2,Black Non Hispanic,12,Cattaraugus,1101
2003,0,Total,0,Total,2,Black Non Hispanic,13,Cayuga,3433
2003,0,Total,0,Total,2,Black Non Hispanic,14,Chautauqua,3281
2003,0,Total,0,Total,2,Black Non Hispanic,15,Chemung,5992
2003,0,Total,0,Total,2,Black Non Hispanic,16,Chenango,562
2003,0,Total,0,Total,2,Black Non Hispanic,17,Clinton,2833
2003,0,Total,0,Total,2,Black Non Hispanic,18,Columbia,3107
2003,0,Total,0,Total,2,Black Non Hispanic,19,Cortland,717
2003,0,Total,0,Total,2,Black Non Hispanic,20,Delaware,849
2003,0,Total,0,Total,2,Black Non Hispanic,21,Dutchess,29081
2003,0,Total,0,Total,2,Black Non Hispanic,22,Erie,129056
2003,0,Total,0,Total,2,Black Non Hispanic,23,Essex,1208
2003,0,Total,0,Total,2,Black Non Hispanic,24,Franklin,3323
2003,0,Total,0,Total,2,Black Non Hispanic,25,Fulton,1200
2003,0,Total,0,Total,2,Black Non Hispanic,26,Genesee,1509
2003,0,Total,0,Total,2,Black Non Hispanic,27,Greene,2773
2003,0,Total,0,Total,2,Black Non Hispanic,28,Hamilton,64
2003,0,Total,0,Total,2,Black Non Hispanic,29,Herkimer,460
2003,0,Total,0,Total,2,Black Non Hispanic,30,Jefferson,10835
2003,0,Total,0,Total,2,Black Non Hispanic,31,Lewis,260
2003,0,Total,0,Total,2,Black Non Hispanic,32,Livingston,1931
2003,0,Total,0,Total,2,Black Non Hispanic,33,Madison,1045
2003,0,Total,0,Total,2,Black Non Hispanic,34,Monroe,108376
2003,0,Total,0,Total,2,Black Non Hispanic,35,Montgomery,750
2003,0,Total,0,Total,2,Black Non Hispanic,36,Nassau,149569
2003,0,Total,0,Total,2,Black Non Hispanic,37,Niagara,15121
2003,0,Total,0,Total,2,Black Non Hispanic,38,Oneida,14248
2003,0,Total,0,Total,2,Black Non Hispanic,39,Onondaga,48482
2003,0,Total,0,Total,2,Black Non Hispanic,40,Ontario,2375
2003,0,Total,0,Total,2,Black Non Hispanic,41,Orange,33835
2003,0,Total,0,Total,2,Black Non Hispanic,42,Orleans,3005
2003,0,Total,0,Total,2,Black Non Hispanic,43,Oswego,866
2003,0,Total,0,Total,2,Black Non Hispanic,44,Otsego,1171
2003,0,Total,0,Total,2,Black Non Hispanic,45,Putnam,1980
2003,0,Total,0,Total,2,Black Non Hispanic,46,Rensselaer,8645
2003,0,Total,0,Total,2,Black Non Hispanic,47,Rockland,35002
2003,0,Total,0,Total,2,Black Non Hispanic,48,St Lawrence,2890
2003,0,Total,0,Total,2,Black Non Hispanic,49,Saratoga,3745
2003,0,Total,0,Total,2,Black Non Hispanic,50,Schenectady,11722
2003,0,Total,0,Total,2,Black Non Hispanic,51,Schoharie,437
2003,0,Total,0,Total,2,Black Non Hispanic,52,Schuyler,298
2003,0,Total,0,Total,2,Black Non Hispanic,53,Seneca,1684
2003,0,Total,0,Total,2,Black Non Hispanic,54,Steuben,1758
2003,0,Total,0,Total,2,Black Non Hispanic,55,Suffolk,111519
2003,0,Total,0,Total,2,Black Non Hispanic,56,Sullivan,6676
2003,0,Total,0,Total,2,Black Non Hispanic,57,Tioga,387
2003,0,Total,0,Total,2,Black Non Hispanic,58,Tompkins,4190
2003,0,Total,0,Total,2,Black Non Hispanic,59,Ulster,11001
2003,0,Total,0,Total,2,Black Non Hispanic,60,Warren,526
2003,0,Total,0,Total,2,Black Non Hispanic,61,Washington,1845
2003,0,Total,0,Total,2,Black Non Hispanic,62,Wayne,3228
2003,0,Total,0,Total,2,Black Non Hispanic,63,Westchester,137000
2003,0,Total,0,Total,2,Black Non Hispanic,64,Wyoming,2289
2003,0,Total,0,Total,2,Black Non Hispanic,65,Yates,180
2004,0,Total,0,Total,2,Black Non Hispanic,1,New York State,2972254
2004,0,Total,0,Total,2,Black Non Hispanic,2,New York City,2026123
2004,0,Total,0,Total,2,Black Non Hispanic,3,Bronx,433194
2004,0,Total,0,Total,2,Black Non Hispanic,4,Kings,867617
2004,0,Total,0,Total,2,Black Non Hispanic,5,New York,236413
2004,0,Total,0,Total,2,Black Non Hispanic,6,Queens,444373
2004,0,Total,0,Total,2,Black Non Hispanic,7,Richmond,44526
2004,0,Total,0,Total,2,Black Non Hispanic,8,Rest of State,946131
2004,0,Total,0,Total,2,Black Non Hispanic,9,Albany,35579
2004,0,Total,0,Total,2,Black Non Hispanic,10,Allegany,493
2004,0,Total,0,Total,2,Black Non Hispanic,11,Broome,7984
2004,0,Total,0,Total,2,Black Non Hispanic,12,Cattaraugus,1162
2004,0,Total,0,Total,2,Black Non Hispanic,13,Cayuga,3470
2004,0,Total,0,Total,2,Black Non Hispanic,14,Chautauqua,3137
2004,0,Total,0,Total,2,Black Non Hispanic,15,Chemung,5634
2004,0,Total,0,Total,2,Black Non Hispanic,16,Chenango,501
2004,0,Total,0,Total,2,Black Non Hispanic,17,Clinton,2840
2004,0,Total,0,Total,2,Black Non Hispanic,18,Columbia,2993
2004,0,Total,0,Total,2,Black Non Hispanic,19,Cortland,637
2004,0,Total,0,Total,2,Black Non Hispanic,20,Delaware,777
2004,0,Total,0,Total,2,Black Non Hispanic,21,Dutchess,28240
2004,0,Total,0,Total,2,Black Non Hispanic,22,Erie,125663
2004,0,Total,0,Total,2,Black Non Hispanic,23,Essex,1183
2004,0,Total,0,Total,2,Black Non Hispanic,24,Franklin,3207
2004,0,Total,0,Total,2,Black Non Hispanic,25,Fulton,1148
2004,0,Total,0,Total,2,Black Non Hispanic,26,Genesee,1533
2004,0,Total,0,Total,2,Black Non Hispanic,27,Greene,2775
2004,0,Total,0,Total,2,Black Non Hispanic,28,Hamilton,67
2004,0,Total,0,Total,2,Black Non Hispanic,29,Herkimer,499
2004,0,Total,0,Total,2,Black Non Hispanic,30,Jefferson,5834
2004,0,Total,0,Total,2,Black Non Hispanic,31,Lewis,159
2004,0,Total,0,Total,2,Black Non Hispanic,32,Livingston,1886
2004,0,Total,0,Total,2,Black Non Hispanic,33,Madison,1104
2004,0,Total,0,Total,2,Black Non Hispanic,34,Monroe,105650
2004,0,Total,0,Total,2,Black Non Hispanic,35,Montgomery,703
2004,0,Total,0,Total,2,Black Non Hispanic,36,Nassau,145800
2004,0,Total,0,Total,2,Black Non Hispanic,37,Niagara,14440
2004,0,Total,0,Total,2,Black Non Hispanic,38,Oneida,13974
2004,0,Total,0,Total,2,Black Non Hispanic,39,Onondaga,46992
2004,0,Total,0,Total,2,Black Non Hispanic,40,Ontario,2250
2004,0,Total,0,Total,2,Black Non Hispanic,41,Orange,33750
2004,0,Total,0,Total,2,Black Non Hispanic,42,Orleans,3176
2004,0,Total,0,Total,2,Black Non Hispanic,43,Oswego,930
2004,0,Total,0,Total,2,Black Non Hispanic,44,Otsego,1206
2004,0,Total,0,Total,2,Black Non Hispanic,45,Putnam,2166
2004,0,Total,0,Total,2,Black Non Hispanic,46,Rensselaer,8323
2004,0,Total,0,Total,2,Black Non Hispanic,47,Rockland,33794
2004,0,Total,0,Total,2,Black Non Hispanic,48,St Lawrence,2476
2004,0,Total,0,Total,2,Black Non Hispanic,49,Saratoga,3328
2004,0,Total,0,Total,2,Black Non Hispanic,50,Schenectady,12075
2004,0,Total,0,Total,2,Black Non Hispanic,51,Schoharie,424
2004,0,Total,0,Total,2,Black Non Hispanic,52,Schuyler,307
2004,0,Total,0,Total,2,Black Non Hispanic,53,Seneca,1622
2004,0,Total,0,Total,2,Black Non Hispanic,54,Steuben,1472
2004,0,Total,0,Total,2,Black Non Hispanic,55,Suffolk,109234
2004,0,Total,0,Total,2,Black Non Hispanic,56,Sullivan,6680
2004,0,Total,0,Total,2,Black Non Hispanic,57,Tioga,407
2004,0,Total,0,Total,2,Black Non Hispanic,58,Tompkins,3865
2004,0,Total,0,Total,2,Black Non Hispanic,59,Ulster,10941
2004,0,Total,0,Total,2,Black Non Hispanic,60,Warren,484
2004,0,Total,0,Total,2,Black Non Hispanic,61,Washington,1887
2004,0,Total,0,Total,2,Black Non Hispanic,62,Wayne,3111
2004,0,Total,0,Total,2,Black Non Hispanic,63,Westchester,133636
2004,0,Total,0,Total,2,Black Non Hispanic,64,Wyoming,2357
2004,0,Total,0,Total,2,Black Non Hispanic,65,Yates,166
2005,0,Total,0,Total,2,Black Non Hispanic,1,New York State,2965147
2005,0,Total,0,Total,2,Black Non Hispanic,2,New York City,2016783
2005,0,Total,0,Total,2,Black Non Hispanic,3,Bronx,430510
2005,0,Total,0,Total,2,Black Non Hispanic,4,Kings,865291
2005,0,Total,0,Total,2,Black Non Hispanic,5,New York,234653
2005,0,Total,0,Total,2,Black Non Hispanic,6,Queens,442011
2005,0,Total,0,Total,2,Black Non Hispanic,7,Richmond,44318
2005,0,Total,0,Total,2,Black Non Hispanic,8,Rest of State,948364
2005,0,Total,0,Total,2,Black Non Hispanic,9,Albany,35484
2005,0,Total,0,Total,2,Black Non Hispanic,10,Allegany,559
2005,0,Total,0,Total,2,Black Non Hispanic,11,Broome,8257
2005,0,Total,0,Total,2,Black Non Hispanic,12,Cattaraugus,1140
2005,0,Total,0,Total,2,Black Non Hispanic,13,Cayuga,3276
2005,0,Total,0,Total,2,Black Non Hispanic,14,Chautauqua,3184
2005,0,Total,0,Total,2,Black Non Hispanic,15,Chemung,5585
2005,0,Total,0,Total,2,Black Non Hispanic,16,Chenango,513
2005,0,Total,0,Total,2,Black Non Hispanic,17,Clinton,2848
2005,0,Total,0,Total,2,Black Non Hispanic,18,Columbia,3035
2005,0,Total,0,Total,2,Black Non Hispanic,19,Cortland,698
2005,0,Total,0,Total,2,Black Non Hispanic,20,Delaware,822
2005,0,Total,0,Total,2,Black Non Hispanic,21,Dutchess,28719
2005,0,Total,0,Total,2,Black Non Hispanic,22,Erie,125403
2005,0,Total,0,Total,2,Black Non Hispanic,23,Essex,1168
2005,0,Total,0,Total,2,Black Non Hispanic,24,Franklin,3266
2005,0,Total,0,Total,2,Black Non Hispanic,25,Fulton,1117
2005,0,Total,0,Total,2,Black Non Hispanic,26,Genesee,1544
2005,0,Total,0,Total,2,Black Non Hispanic,27,Greene,2862
2005,0,Total,0,Total,2,Black Non Hispanic,28,Hamilton,57
2005,0,Total,0,Total,2,Black Non Hispanic,29,Herkimer,582
2005,0,Total,0,Total,2,Black Non Hispanic,30,Jefferson,6593
2005,0,Total,0,Total,2,Black Non Hispanic,31,Lewis,242
2005,0,Total,0,Total,2,Black Non Hispanic,32,Livingston,1894
2005,0,Total,0,Total,2,Black Non Hispanic,33,Madison,1166
2005,0,Total,0,Total,2,Black Non Hispanic,34,Monroe,105449
2005,0,Total,0,Total,2,Black Non Hispanic,35,Montgomery,704
2005,0,Total,0,Total,2,Black Non Hispanic,36,Nassau,145842
2005,0,Total,0,Total,2,Black Non Hispanic,37,Niagara,14500
2005,0,Total,0,Total,2,Black Non Hispanic,38,Oneida,13881
2005,0,Total,0,Total,2,Black Non Hispanic,39,Onondaga,47080
2005,0,Total,0,Total,2,Black Non Hispanic,40,Ontario,2261
2005,0,Total,0,Total,2,Black Non Hispanic,41,Orange,35368
2005,0,Total,0,Total,2,Black Non Hispanic,42,Orleans,2957
2005,0,Total,0,Total,2,Black Non Hispanic,43,Oswego,1006
2005,0,Total,0,Total,2,Black Non Hispanic,44,Otsego,1223
2005,0,Total,0,Total,2,Black Non Hispanic,45,Putnam,2252
2005,0,Total,0,Total,2,Black Non Hispanic,46,Rensselaer,8515
2005,0,Total,0,Total,2,Black Non Hispanic,47,Rockland,33478
2005,0,Total,0,Total,2,Black Non Hispanic,48,St Lawrence,2628
2005,0,Total,0,Total,2,Black Non Hispanic,49,Saratoga,3442
2005,0,Total,0,Total,2,Black Non Hispanic,50,Schenectady,12722
2005,0,Total,0,Total,2,Black Non Hispanic,51,Schoharie,440
2005,0,Total,0,Total,2,Black Non Hispanic,52,Schuyler,325
2005,0,Total,0,Total,2,Black Non Hispanic,53,Seneca,1627
2005,0,Total,0,Total,2,Black Non Hispanic,54,Steuben,1543
2005,0,Total,0,Total,2,Black Non Hispanic,55,Suffolk,108669
2005,0,Total,0,Total,2,Black Non Hispanic,56,Sullivan,6792
2005,0,Total,0,Total,2,Black Non Hispanic,57,Tioga,437
2005,0,Total,0,Total,2,Black Non Hispanic,58,Tompkins,3836
2005,0,Total,0,Total,2,Black Non Hispanic,59,Ulster,10819
2005,0,Total,0,Total,2,Black Non Hispanic,60,Warren,522
2005,0,Total,0,Total,2,Black Non Hispanic,61,Washington,1944
2005,0,Total,0,Total,2,Black Non Hispanic,62,Wayne,3112
2005,0,Total,0,Total,2,Black Non Hispanic,63,Westchester,132502
2005,0,Total,0,Total,2,Black Non Hispanic,64,Wyoming,2305
2005,0,Total,0,Total,2,Black Non Hispanic,65,Yates,169
2006,0,Total,0,Total,2,Black Non Hispanic,1,New York State,2973341
2006,0,Total,0,Total,2,Black Non Hispanic,2,New York City,2020774
2006,0,Total,0,Total,2,Black Non Hispanic,3,Bronx,433622
2006,0,Total,0,Total,2,Black Non Hispanic,4,Kings,862751
2006,0,Total,0,Total,2,Black Non Hispanic,5,New York,236428
2006,0,Total,0,Total,2,Black Non Hispanic,6,Queens,441733
2006,0,Total,0,Total,2,Black Non Hispanic,7,Richmond,46240
2006,0,Total,0,Total,2,Black Non Hispanic,8,Rest of State,952567
2006,0,Total,0,Total,2,Black Non Hispanic,9,Albany,35813
2006,0,Total,0,Total,2,Black Non Hispanic,10,Allegany,538
2006,0,Total,0,Total,2,Black Non Hispanic,11,Broome,8627
2006,0,Total,0,Total,2,Black Non Hispanic,12,Cattaraugus,1229
2006,0,Total,0,Total,2,Black Non Hispanic,13,Cayuga,3369
2006,0,Total,0,Total,2,Black Non Hispanic,14,Chautauqua,3401
2006,0,Total,0,Total,2,Black Non Hispanic,15,Chemung,5875
2006,0,Total,0,Total,2,Black Non Hispanic,16,Chenango,545
2006,0,Total,0,Total,2,Black Non Hispanic,17,Clinton,2847
2006,0,Total,0,Total,2,Black Non Hispanic,18,Columbia,3172
2006,0,Total,0,Total,2,Black Non Hispanic,19,Cortland,750
2006,0,Total,0,Total,2,Black Non Hispanic,20,Delaware,821
2006,0,Total,0,Total,2,Black Non Hispanic,21,Dutchess,28961
2006,0,Total,0,Total,2,Black Non Hispanic,22,Erie,124077
2006,0,Total,0,Total,2,Black Non Hispanic,23,Essex,1053
2006,0,Total,0,Total,2,Black Non Hispanic,24,Franklin,3164
2006,0,Total,0,Total,2,Black Non Hispanic,25,Fulton,1142
2006,0,Total,0,Total,2,Black Non Hispanic,26,Genesee,1542
2006,0,Total,0,Total,2,Black Non Hispanic,27,Greene,2848
2006,0,Total,0,Total,2,Black Non Hispanic,28,Hamilton,39
2006,0,Total,0,Total,2,Black Non Hispanic,29,Herkimer,598
2006,0,Total,0,Total,2,Black Non Hispanic,30,Jefferson,6355
2006,0,Total,0,Total,2,Black Non Hispanic,31,Lewis,229
2006,0,Total,0,Total,2,Black Non Hispanic,32,Livingston,1951
2006,0,Total,0,Total,2,Black Non Hispanic,33,Madison,1151
2006,0,Total,0,Total,2,Black Non Hispanic,34,Monroe,105261
2006,0,Total,0,Total,2,Black Non Hispanic,35,Montgomery,779
2006,0,Total,0,Total,2,Black Non Hispanic,36,Nassau,144699
2006,0,Total,0,Total,2,Black Non Hispanic,37,Niagara,14809
2006,0,Total,0,Total,2,Black Non Hispanic,38,Oneida,14021
2006,0,Total,0,Total,2,Black Non Hispanic,39,Onondaga,47939
2006,0,Total,0,Total,2,Black Non Hispanic,40,Ontario,2402
2006,0,Total,0,Total,2,Black Non Hispanic,41,Orange,36857
2006,0,Total,0,Total,2,Black Non Hispanic,42,Orleans,2971
2006,0,Total,0,Total,2,Black Non Hispanic,43,Oswego,1068
2006,0,Total,0,Total,2,Black Non Hispanic,44,Otsego,1338
2006,0,Total,0,Total,2,Black Non Hispanic,45,Putnam,2469
2006,0,Total,0,Total,2,Black Non Hispanic,46,Rensselaer,9007
2006,0,Total,0,Total,2,Black Non Hispanic,47,Rockland,32860
2006,0,Total,0,Total,2,Black Non Hispanic,48,St Lawrence,2540
2006,0,Total,0,Total,2,Black Non Hispanic,49,Saratoga,3609
2006,0,Total,0,Total,2,Black Non Hispanic,50,Schenectady,13153
2006,0,Total,0,Total,2,Black Non Hispanic,51,Schoharie,465
2006,0,Total,0,Total,2,Black Non Hispanic,52,Schuyler,335
2006,0,Total,0,Total,2,Black Non Hispanic,53,Seneca,1663
2006,0,Total,0,Total,2,Black Non Hispanic,54,Steuben,1651
2006,0,Total,0,Total,2,Black Non Hispanic,55,Suffolk,108431
2006,0,Total,0,Total,2,Black Non Hispanic,56,Sullivan,7123
2006,0,Total,0,Total,2,Black Non Hispanic,57,Tioga,448
2006,0,Total,0,Total,2,Black Non Hispanic,58,Tompkins,3997
2006,0,Total,0,Total,2,Black Non Hispanic,59,Ulster,11305
2006,0,Total,0,Total,2,Black Non Hispanic,60,Warren,637
2006,0,Total,0,Total,2,Black Non Hispanic,61,Washington,1941
2006,0,Total,0,Total,2,Black Non Hispanic,62,Wayne,3228
2006,0,Total,0,Total,2,Black Non Hispanic,63,Westchester,132917
2006,0,Total,0,Total,2,Black Non Hispanic,64,Wyoming,2351
2006,0,Total,0,Total,2,Black Non Hispanic,65,Yates,196
2007,0,Total,0,Total,2,Black Non Hispanic,1,New York State,2968197
2007,0,Total,0,Total,2,Black Non Hispanic,2,New York City,2013993
2007,0,Total,0,Total,2,Black Non Hispanic,3,Bronx,437343
2007,0,Total,0,Total,2,Black Non Hispanic,4,Kings,862347
2007,0,Total,0,Total,2,Black Non Hispanic,5,New York,230517
2007,0,Total,0,Total,2,Black Non Hispanic,6,Queens,436943
2007,0,Total,0,Total,2,Black Non Hispanic,7,Richmond,46843
2007,0,Total,0,Total,2,Black Non Hispanic,8,Rest of State,954204
2007,0,Total,0,Total,2,Black Non Hispanic,9,Albany,36314
2007,0,Total,0,Total,2,Black Non Hispanic,10,Allegany,586
2007,0,Total,0,Total,2,Black Non Hispanic,11,Broome,8982
2007,0,Total,0,Total,2,Black Non Hispanic,12,Cattaraugus,1158
2007,0,Total,0,Total,2,Black Non Hispanic,13,Cayuga,3360
2007,0,Total,0,Total,2,Black Non Hispanic,14,Chautauqua,3339
2007,0,Total,0,Total,2,Black Non Hispanic,15,Chemung,5784
2007,0,Total,0,Total,2,Black Non Hispanic,16,Chenango,607
2007,0,Total,0,Total,2,Black Non Hispanic,17,Clinton,2887
2007,0,Total,0,Total,2,Black Non Hispanic,18,Columbia,3185
2007,0,Total,0,Total,2,Black Non Hispanic,19,Cortland,802
2007,0,Total,0,Total,2,Black Non Hispanic,20,Delaware,795
2007,0,Total,0,Total,2,Black Non Hispanic,21,Dutchess,29178
2007,0,Total,0,Total,2,Black Non Hispanic,22,Erie,123204
2007,0,Total,0,Total,2,Black Non Hispanic,23,Essex,1082
2007,0,Total,0,Total,2,Black Non Hispanic,24,Franklin,3121
2007,0,Total,0,Total,2,Black Non Hispanic,25,Fulton,1180
2007,0,Total,0,Total,2,Black Non Hispanic,26,Genesee,1559
2007,0,Total,0,Total,2,Black Non Hispanic,27,Greene,2970
2007,0,Total,0,Total,2,Black Non Hispanic,28,Hamilton,36
2007,0,Total,0,Total,2,Black Non Hispanic,29,Herkimer,611
2007,0,Total,0,Total,2,Black Non Hispanic,30,Jefferson,6598
2007,0,Total,0,Total,2,Black Non Hispanic,31,Lewis,277
2007,0,Total,0,Total,2,Black Non Hispanic,32,Livingston,1907
2007,0,Total,0,Total,2,Black Non Hispanic,33,Madison,1189
2007,0,Total,0,Total,2,Black Non Hispanic,34,Monroe,105607
2007,0,Total,0,Total,2,Black Non Hispanic,35,Montgomery,836
2007,0,Total,0,Total,2,Black Non Hispanic,36,Nassau,143436
2007,0,Total,0,Total,2,Black Non Hispanic,37,Niagara,14793
2007,0,Total,0,Total,2,Black Non Hispanic,38,Oneida,14299
2007,0,Total,0,Total,2,Black Non Hispanic,39,Onondaga,47479
2007,0,Total,0,Total,2,Black Non Hispanic,40,Ontario,2525
2007,0,Total,0,Total,2,Black Non Hispanic,41,Orange,37178
2007,0,Total,0,Total,2,Black Non Hispanic,42,Orleans,2951
2007,0,Total,0,Total,2,Black Non Hispanic,43,Oswego,1106
2007,0,Total,0,Total,2,Black Non Hispanic,44,Otsego,1397
2007,0,Total,0,Total,2,Black Non Hispanic,45,Putnam,2677
2007,0,Total,0,Total,2,Black Non Hispanic,46,Rensselaer,9321
2007,0,Total,0,Total,2,Black Non Hispanic,47,Rockland,33084
2007,0,Total,0,Total,2,Black Non Hispanic,48,St Lawrence,2503
2007,0,Total,0,Total,2,Black Non Hispanic,49,Saratoga,3873
2007,0,Total,0,Total,2,Black Non Hispanic,50,Schenectady,13688
2007,0,Total,0,Total,2,Black Non Hispanic,51,Schoharie,494
2007,0,Total,0,Total,2,Black Non Hispanic,52,Schuyler,378
2007,0,Total,0,Total,2,Black Non Hispanic,53,Seneca,1663
2007,0,Total,0,Total,2,Black Non Hispanic,54,Steuben,1646
2007,0,Total,0,Total,2,Black Non Hispanic,55,Suffolk,107963
2007,0,Total,0,Total,2,Black Non Hispanic,56,Sullivan,7008
2007,0,Total,0,Total,2,Black Non Hispanic,57,Tioga,521
2007,0,Total,0,Total,2,Black Non Hispanic,58,Tompkins,4141
2007,0,Total,0,Total,2,Black Non Hispanic,59,Ulster,11344
2007,0,Total,0,Total,2,Black Non Hispanic,60,Warren,691
2007,0,Total,0,Total,2,Black Non Hispanic,61,Washington,1989
2007,0,Total,0,Total,2,Black Non Hispanic,62,Wayne,3043
2007,0,Total,0,Total,2,Black Non Hispanic,63,Westchester,133277
2007,0,Total,0,Total,2,Black Non Hispanic,64,Wyoming,2371
2007,0,Total,0,Total,2,Black Non Hispanic,65,Yates,211
2008,0,Total,0,Total,2,Black Non Hispanic,1,New York State,2965921
2008,0,Total,0,Total,2,Black Non Hispanic,2,New York City,2002222
2008,0,Total,0,Total,2,Black Non Hispanic,3,Bronx,437507
2008,0,Total,0,Total,2,Black Non Hispanic,4,Kings,855940
2008,0,Total,0,Total,2,Black Non Hispanic,5,New York,227215
2008,0,Total,0,Total,2,Black Non Hispanic,6,Queens,434047
2008,0,Total,0,Total,2,Black Non Hispanic,7,Richmond,47513
2008,0,Total,0,Total,2,Black Non Hispanic,8,Rest of State,963699
2008,0,Total,0,Total,2,Black Non Hispanic,9,Albany,35925
2008,0,Total,0,Total,2,Black Non Hispanic,10,Allegany,580
2008,0,Total,0,Total,2,Black Non Hispanic,11,Broome,9119
2008,0,Total,0,Total,2,Black Non Hispanic,12,Cattaraugus,1206
2008,0,Total,0,Total,2,Black Non Hispanic,13,Cayuga,3372
2008,0,Total,0,Total,2,Black Non Hispanic,14,Chautauqua,3479
2008,0,Total,0,Total,2,Black Non Hispanic,15,Chemung,5849
2008,0,Total,0,Total,2,Black Non Hispanic,16,Chenango,606
2008,0,Total,0,Total,2,Black Non Hispanic,17,Clinton,2926
2008,0,Total,0,Total,2,Black Non Hispanic,18,Columbia,3128
2008,0,Total,0,Total,2,Black Non Hispanic,19,Cortland,848
2008,0,Total,0,Total,2,Black Non Hispanic,20,Delaware,805
2008,0,Total,0,Total,2,Black Non Hispanic,21,Dutchess,29314
2008,0,Total,0,Total,2,Black Non Hispanic,22,Erie,122443
2008,0,Total,0,Total,2,Black Non Hispanic,23,Essex,1062
2008,0,Total,0,Total,2,Black Non Hispanic,24,Franklin,3204
2008,0,Total,0,Total,2,Black Non Hispanic,25,Fulton,1186
2008,0,Total,0,Total,2,Black Non Hispanic,26,Genesee,1612
2008,0,Total,0,Total,2,Black Non Hispanic,27,Greene,2996
2008,0,Total,0,Total,2,Black Non Hispanic,28,Hamilton,41
2008,0,Total,0,Total,2,Black Non Hispanic,29,Herkimer,673
2008,0,Total,0,Total,2,Black Non Hispanic,30,Jefferson,6829
2008,0,Total,0,Total,2,Black Non Hispanic,31,Lewis,238
2008,0,Total,0,Total,2,Black Non Hispanic,32,Livingston,1930
2008,0,Total,0,Total,2,Black Non Hispanic,33,Madison,1291
2008,0,Total,0,Total,2,Black Non Hispanic,34,Monroe,105747
2008,0,Total,0,Total,2,Black Non Hispanic,35,Montgomery,857
2008,0,Total,0,Total,2,Black Non Hispanic,36,Nassau,148191
2008,0,Total,0,Total,2,Black Non Hispanic,37,Niagara,14643
2008,0,Total,0,Total,2,Black Non Hispanic,38,Oneida,14345
2008,0,Total,0,Total,2,Black Non Hispanic,39,Onondaga,47524
2008,0,Total,0,Total,2,Black Non Hispanic,40,Ontario,2513
2008,0,Total,0,Total,2,Black Non Hispanic,41,Orange,37744
2008,0,Total,0,Total,2,Black Non Hispanic,42,Orleans,3001
2008,0,Total,0,Total,2,Black Non Hispanic,43,Oswego,1304
2008,0,Total,0,Total,2,Black Non Hispanic,44,Otsego,1450
2008,0,Total,0,Total,2,Black Non Hispanic,45,Putnam,2739
2008,0,Total,0,Total,2,Black Non Hispanic,46,Rensselaer,9431
2008,0,Total,0,Total,2,Black Non Hispanic,47,Rockland,32745
2008,0,Total,0,Total,2,Black Non Hispanic,48,St Lawrence,2593
2008,0,Total,0,Total,2,Black Non Hispanic,49,Saratoga,4195
2008,0,Total,0,Total,2,Black Non Hispanic,50,Schenectady,14087
2008,0,Total,0,Total,2,Black Non Hispanic,51,Schoharie,498
2008,0,Total,0,Total,2,Black Non Hispanic,52,Schuyler,429
2008,0,Total,0,Total,2,Black Non Hispanic,53,Seneca,1732
2008,0,Total,0,Total,2,Black Non Hispanic,54,Steuben,1737
2008,0,Total,0,Total,2,Black Non Hispanic,55,Suffolk,111990
2008,0,Total,0,Total,2,Black Non Hispanic,56,Sullivan,6888
2008,0,Total,0,Total,2,Black Non Hispanic,57,Tioga,525
2008,0,Total,0,Total,2,Black Non Hispanic,58,Tompkins,4147
2008,0,Total,0,Total,2,Black Non Hispanic,59,Ulster,11451
2008,0,Total,0,Total,2,Black Non Hispanic,60,Warren,698
2008,0,Total,0,Total,2,Black Non Hispanic,61,Washington,2040
2008,0,Total,0,Total,2,Black Non Hispanic,62,Wayne,3160
2008,0,Total,0,Total,2,Black Non Hispanic,63,Westchester,132036
2008,0,Total,0,Total,2,Black Non Hispanic,64,Wyoming,2371
2008,0,Total,0,Total,2,Black Non Hispanic,65,Yates,226
2009,0,Total,0,Total,2,Black Non Hispanic,1,New York State,2962374
2009,0,Total,0,Total,2,Black Non Hispanic,2,New York City,1992165
2009,0,Total,0,Total,2,Black Non Hispanic,3,Bronx,440400
2009,0,Total,0,Total,2,Black Non Hispanic,4,Kings,850276
2009,0,Total,0,Total,2,Black Non Hispanic,5,New York,220027
2009,0,Total,0,Total,2,Black Non Hispanic,6,Queens,433288
2009,0,Total,0,Total,2,Black Non Hispanic,7,Richmond,48174
2009,0,Total,0,Total,2,Black Non Hispanic,8,Rest of State,970209
2009,0,Total,0,Total,2,Black Non Hispanic,9,Albany,36566
2009,0,Total,0,Total,2,Black Non Hispanic,10,Allegany,716
2009,0,Total,0,Total,2,Black Non Hispanic,11,Broome,9353
2009,0,Total,0,Total,2,Black Non Hispanic,12,Cattaraugus,1338
2009,0,Total,0,Total,2,Black Non Hispanic,13,Cayuga,3413
2009,0,Total,0,Total,2,Black Non Hispanic,14,Chautauqua,3512
2009,0,Total,0,Total,2,Black Non Hispanic,15,Chemung,5904
2009,0,Total,0,Total,2,Black Non Hispanic,16,Chenango,678
2009,0,Total,0,Total,2,Black Non Hispanic,17,Clinton,2939
2009,0,Total,0,Total,2,Black Non Hispanic,18,Columbia,3128
2009,0,Total,0,Total,2,Black Non Hispanic,19,Cortland,930
2009,0,Total,0,Total,2,Black Non Hispanic,20,Delaware,850
2009,0,Total,0,Total,2,Black Non Hispanic,21,Dutchess,29560
2009,0,Total,0,Total,2,Black Non Hispanic,22,Erie,122144
2009,0,Total,0,Total,2,Black Non Hispanic,23,Essex,1093
2009,0,Total,0,Total,2,Black Non Hispanic,24,Franklin,3164
2009,0,Total,0,Total,2,Black Non Hispanic,25,Fulton,1193
2009,0,Total,0,Total,2,Black Non Hispanic,26,Genesee,1591
2009,0,Total,0,Total,2,Black Non Hispanic,27,Greene,3009
2009,0,Total,0,Total,2,Black Non Hispanic,28,Hamilton,44
2009,0,Total,0,Total,2,Black Non Hispanic,29,Herkimer,795
2009,0,Total,0,Total,2,Black Non Hispanic,30,Jefferson,6747
2009,0,Total,0,Total,2,Black Non Hispanic,31,Lewis,266
2009,0,Total,0,Total,2,Black Non Hispanic,32,Livingston,1906
2009,0,Total,0,Total,2,Black Non Hispanic,33,Madison,1302
2009,0,Total,0,Total,2,Black Non Hispanic,34,Monroe,106315
2009,0,Total,0,Total,2,Black Non Hispanic,35,Montgomery,934
2009,0,Total,0,Total,2,Black Non Hispanic,36,Nassau,149062
2009,0,Total,0,Total,2,Black Non Hispanic,37,Niagara,15156
2009,0,Total,0,Total,2,Black Non Hispanic,38,Oneida,14706
2009,0,Total,0,Total,2,Black Non Hispanic,39,Onondaga,48414
2009,0,Total,0,Total,2,Black Non Hispanic,40,Ontario,2677
2009,0,Total,0,Total,2,Black Non Hispanic,41,Orange,39605
2009,0,Total,0,Total,2,Black Non Hispanic,42,Orleans,3040
2009,0,Total,0,Total,2,Black Non Hispanic,43,Oswego,1359
2009,0,Total,0,Total,2,Black Non Hispanic,44,Otsego,1433
2009,0,Total,0,Total,2,Black Non Hispanic,45,Putnam,2830
2009,0,Total,0,Total,2,Black Non Hispanic,46,Rensselaer,9488
2009,0,Total,0,Total,2,Black Non Hispanic,47,Rockland,32649
2009,0,Total,0,Total,2,Black Non Hispanic,48,St Lawrence,2702
2009,0,Total,0,Total,2,Black Non Hispanic,49,Saratoga,4203
2009,0,Total,0,Total,2,Black Non Hispanic,50,Schenectady,14535
2009,0,Total,0,Total,2,Black Non Hispanic,51,Schoharie,504
2009,0,Total,0,Total,2,Black Non Hispanic,52,Schuyler,400
2009,0,Total,0,Total,2,Black Non Hispanic,53,Seneca,1680
2009,0,Total,0,Total,2,Black Non Hispanic,54,Steuben,1833
2009,0,Total,0,Total,2,Black Non Hispanic,55,Suffolk,111978
2009,0,Total,0,Total,2,Black Non Hispanic,56,Sullivan,6857
2009,0,Total,0,Total,2,Black Non Hispanic,57,Tioga,600
2009,0,Total,0,Total,2,Black Non Hispanic,58,Tompkins,4292
2009,0,Total,0,Total,2,Black Non Hispanic,59,Ulster,11448
2009,0,Total,0,Total,2,Black Non Hispanic,60,Warren,749
2009,0,Total,0,Total,2,Black Non Hispanic,61,Washington,2082
2009,0,Total,0,Total,2,Black Non Hispanic,62,Wayne,3248
2009,0,Total,0,Total,2,Black Non Hispanic,63,Westchester,130638
2009,0,Total,0,Total,2,Black Non Hispanic,64,Wyoming,2406
2009,0,Total,0,Total,2,Black Non Hispanic,65,Yates,245
2010,0,Total,0,Total,2,Black Non Hispanic,1,New York State,2919042
2010,0,Total,0,Total,2,Black Non Hispanic,2,New York City,1932101
2010,0,Total,0,Total,2,Black Non Hispanic,3,Bronx,430532
2010,0,Total,0,Total,2,Black Non Hispanic,4,Kings,820307
2010,0,Total,0,Total,2,Black Non Hispanic,5,New York,214359
2010,0,Total,0,Total,2,Black Non Hispanic,6,Queens,420448
2010,0,Total,0,Total,2,Black Non Hispanic,7,Richmond,46455
2010,0,Total,0,Total,2,Black Non Hispanic,8,Rest of State,986941
2010,0,Total,0,Total,2,Black Non Hispanic,9,Albany,38959
2010,0,Total,0,Total,2,Black Non Hispanic,10,Allegany,612
2010,0,Total,0,Total,2,Black Non Hispanic,11,Broome,10336
2010,0,Total,0,Total,2,Black Non Hispanic,12,Cattaraugus,1326
2010,0,Total,0,Total,2,Black Non Hispanic,13,Cayuga,3515
2010,0,Total,0,Total,2,Black Non Hispanic,14,Chautauqua,3488
2010,0,Total,0,Total,2,Black Non Hispanic,15,Chemung,6419
2010,0,Total,0,Total,2,Black Non Hispanic,16,Chenango,457
2010,0,Total,0,Total,2,Black Non Hispanic,17,Clinton,3267
2010,0,Total,0,Total,2,Black Non Hispanic,18,Columbia,3131
2010,0,Total,0,Total,2,Black Non Hispanic,19,Cortland,917
2010,0,Total,0,Total,2,Black Non Hispanic,20,Delaware,845
2010,0,Total,0,Total,2,Black Non Hispanic,21,Dutchess,29593
2010,0,Total,0,Total,2,Black Non Hispanic,22,Erie,124462
2010,0,Total,0,Total,2,Black Non Hispanic,23,Essex,1070
2010,0,Total,0,Total,2,Black Non Hispanic,24,Franklin,2970
2010,0,Total,0,Total,2,Black Non Hispanic,25,Fulton,1205
2010,0,Total,0,Total,2,Black Non Hispanic,26,Genesee,1801
2010,0,Total,0,Total,2,Black Non Hispanic,27,Greene,2922
2010,0,Total,0,Total,2,Black Non Hispanic,28,Hamilton,36
2010,0,Total,0,Total,2,Black Non Hispanic,29,Herkimer,847
2010,0,Total,0,Total,2,Black Non Hispanic,30,Jefferson,6325
2010,0,Total,0,Total,2,Black Non Hispanic,31,Lewis,212
2010,0,Total,0,Total,2,Black Non Hispanic,32,Livingston,1672
2010,0,Total,0,Total,2,Black Non Hispanic,33,Madison,1469
2010,0,Total,0,Total,2,Black Non Hispanic,34,Monroe,112728
2010,0,Total,0,Total,2,Black Non Hispanic,35,Montgomery,934
2010,0,Total,0,Total,2,Black Non Hispanic,36,Nassau,147414
2010,0,Total,0,Total,2,Black Non Hispanic,37,Niagara,15922
2010,0,Total,0,Total,2,Black Non Hispanic,38,Oneida,15082
2010,0,Total,0,Total,2,Black Non Hispanic,39,Onondaga,53273
2010,0,Total,0,Total,2,Black Non Hispanic,40,Ontario,2642
2010,0,Total,0,Total,2,Black Non Hispanic,41,Orange,36779
2010,0,Total,0,Total,2,Black Non Hispanic,42,Orleans,2607
2010,0,Total,0,Total,2,Black Non Hispanic,43,Oswego,1164
2010,0,Total,0,Total,2,Black Non Hispanic,44,Otsego,1192
2010,0,Total,0,Total,2,Black Non Hispanic,45,Putnam,2294
2010,0,Total,0,Total,2,Black Non Hispanic,46,Rensselaer,10774
2010,0,Total,0,Total,2,Black Non Hispanic,47,Rockland,36301
2010,0,Total,0,Total,2,Black Non Hispanic,48,St Lawrence,2567
2010,0,Total,0,Total,2,Black Non Hispanic,49,Saratoga,3798
2010,0,Total,0,Total,2,Black Non Hispanic,50,Schenectady,16160
2010,0,Total,0,Total,2,Black Non Hispanic,51,Schoharie,498
2010,0,Total,0,Total,2,Black Non Hispanic,52,Schuyler,198
2010,0,Total,0,Total,2,Black Non Hispanic,53,Seneca,1662
2010,0,Total,0,Total,2,Black Non Hispanic,54,Steuben,1862
2010,0,Total,0,Total,2,Black Non Hispanic,55,Suffolk,109090
2010,0,Total,0,Total,2,Black Non Hispanic,56,Sullivan,6955
2010,0,Total,0,Total,2,Black Non Hispanic,57,Tioga,473
2010,0,Total,0,Total,2,Black Non Hispanic,58,Tompkins,4593
2010,0,Total,0,Total,2,Black Non Hispanic,59,Ulster,11422
2010,0,Total,0,Total,2,Black Non Hispanic,60,Warren,740
2010,0,Total,0,Total,2,Black Non Hispanic,61,Washington,1907
2010,0,Total,0,Total,2,Black Non Hispanic,62,Wayne,3205
2010,0,Total,0,Total,2,Black Non Hispanic,63,Westchester,132223
2010,0,Total,0,Total,2,Black Non Hispanic,64,Wyoming,2354
2010,0,Total,0,Total,2,Black Non Hispanic,65,Yates,272
2011,0,Total,0,Total,2,Black Non Hispanic,1,New York State,2938083
2011,0,Total,0,Total,2,Black Non Hispanic,2,New York City,1937080
2011,0,Total,0,Total,2,Black Non Hispanic,3,Bronx,426362
2011,0,Total,0,Total,2,Black Non Hispanic,4,Kings,822327
2011,0,Total,0,Total,2,Black Non Hispanic,5,New York,219405
2011,0,Total,0,Total,2,Black Non Hispanic,6,Queens,421731
2011,0,Total,0,Total,2,Black Non Hispanic,7,Richmond,47255
2011,0,Total,0,Total,2,Black Non Hispanic,8,Rest of State,1001003
2011,0,Total,0,Total,2,Black Non Hispanic,9,Albany,38977
2011,0,Total,0,Total,2,Black Non Hispanic,10,Allegany,715
2011,0,Total,0,Total,2,Black Non Hispanic,11,Broome,10363
2011,0,Total,0,Total,2,Black Non Hispanic,12,Cattaraugus,1420
2011,0,Total,0,Total,2,Black Non Hispanic,13,Cayuga,3606
2011,0,Total,0,Total,2,Black Non Hispanic,14,Chautauqua,3567
2011,0,Total,0,Total,2,Black Non Hispanic,15,Chemung,6532
2011,0,Total,0,Total,2,Black Non Hispanic,16,Chenango,565
2011,0,Total,0,Total,2,Black Non Hispanic,17,Clinton,3313
2011,0,Total,0,Total,2,Black Non Hispanic,18,Columbia,3184
2011,0,Total,0,Total,2,Black Non Hispanic,19,Cortland,1041
2011,0,Total,0,Total,2,Black Non Hispanic,20,Delaware,932
2011,0,Total,0,Total,2,Black Non Hispanic,21,Dutchess,29830
2011,0,Total,0,Total,2,Black Non Hispanic,22,Erie,124894
2011,0,Total,0,Total,2,Black Non Hispanic,23,Essex,1132
2011,0,Total,0,Total,2,Black Non Hispanic,24,Franklin,3082
2011,0,Total,0,Total,2,Black Non Hispanic,25,Fulton,1215
2011,0,Total,0,Total,2,Black Non Hispanic,26,Genesee,1894
2011,0,Total,0,Total,2,Black Non Hispanic,27,Greene,2964
2011,0,Total,0,Total,2,Black Non Hispanic,28,Hamilton,57
2011,0,Total,0,Total,2,Black Non Hispanic,29,Herkimer,885
2011,0,Total,0,Total,2,Black Non Hispanic,30,Jefferson,7089
2011,0,Total,0,Total,2,Black Non Hispanic,31,Lewis,280
2011,0,Total,0,Total,2,Black Non Hispanic,32,Livingston,1812
2011,0,Total,0,Total,2,Black Non Hispanic,33,Madison,1606
2011,0,Total,0,Total,2,Black Non Hispanic,34,Monroe,113018
2011,0,Total,0,Total,2,Black Non Hispanic,35,Montgomery,982
2011,0,Total,0,Total,2,Black Non Hispanic,36,Nassau,150648
2011,0,Total,0,Total,2,Black Non Hispanic,37,Niagara,15898
2011,0,Total,0,Total,2,Black Non Hispanic,38,Oneida,15067
2011,0,Total,0,Total,2,Black Non Hispanic,39,Onondaga,53390
2011,0,Total,0,Total,2,Black Non Hispanic,40,Ontario,2789
2011,0,Total,0,Total,2,Black Non Hispanic,41,Orange,37553
2011,0,Total,0,Total,2,Black Non Hispanic,42,Orleans,2668
2011,0,Total,0,Total,2,Black Non Hispanic,43,Oswego,1336
2011,0,Total,0,Total,2,Black Non Hispanic,44,Otsego,1316
2011,0,Total,0,Total,2,Black Non Hispanic,45,Putnam,2512
2011,0,Total,0,Total,2,Black Non Hispanic,46,Rensselaer,10943
2011,0,Total,0,Total,2,Black Non Hispanic,47,Rockland,37108
2011,0,Total,0,Total,2,Black Non Hispanic,48,St Lawrence,2727
2011,0,Total,0,Total,2,Black Non Hispanic,49,Saratoga,4137
2011,0,Total,0,Total,2,Black Non Hispanic,50,Schenectady,16343
2011,0,Total,0,Total,2,Black Non Hispanic,51,Schoharie,578
2011,0,Total,0,Total,2,Black Non Hispanic,52,Schuyler,252
2011,0,Total,0,Total,2,Black Non Hispanic,53,Seneca,1755
2011,0,Total,0,Total,2,Black Non Hispanic,54,Steuben,1922
2011,0,Total,0,Total,2,Black Non Hispanic,55,Suffolk,110493
2011,0,Total,0,Total,2,Black Non Hispanic,56,Sullivan,6933
2011,0,Total,0,Total,2,Black Non Hispanic,57,Tioga,557
2011,0,Total,0,Total,2,Black Non Hispanic,58,Tompkins,4593
2011,0,Total,0,Total,2,Black Non Hispanic,59,Ulster,11572
2011,0,Total,0,Total,2,Black Non Hispanic,60,Warren,907
2011,0,Total,0,Total,2,Black Non Hispanic,61,Washington,2003
2011,0,Total,0,Total,2,Black Non Hispanic,62,Wayne,3275
2011,0,Total,0,Total,2,Black Non Hispanic,63,Westchester,134040
2011,0,Total,0,Total,2,Black Non Hispanic,64,Wyoming,2420
2011,0,Total,0,Total,2,Black Non Hispanic,65,Yates,313
2012,0,Total,0,Total,2,Black Non Hispanic,1,New York State,2954298
2012,0,Total,0,Total,2,Black Non Hispanic,2,New York City,1948166
2012,0,Total,0,Total,2,Black Non Hispanic,3,Bronx,430773
2012,0,Total,0,Total,2,Black Non Hispanic,4,Kings,826936
2012,0,Total,0,Total,2,Black Non Hispanic,5,New York,220060
2012,0,Total,0,Total,2,Black Non Hispanic,6,Queens,423580
2012,0,Total,0,Total,2,Black Non Hispanic,7,Richmond,46817
2012,0,Total,0,Total,2,Black Non Hispanic,8,Rest of State,1006132
2012,0,Total,0,Total,2,Black Non Hispanic,9,Albany,39420
2012,0,Total,0,Total,2,Black Non Hispanic,10,Allegany,705
2012,0,Total,0,Total,2,Black Non Hispanic,11,Broome,10435
2012,0,Total,0,Total,2,Black Non Hispanic,12,Cattaraugus,1423
2012,0,Total,0,Total,2,Black Non Hispanic,13,Cayuga,3530
2012,0,Total,0,Total,2,Black Non Hispanic,14,Chautauqua,3514
2012,0,Total,0,Total,2,Black Non Hispanic,15,Chemung,6456
2012,0,Total,0,Total,2,Black Non Hispanic,16,Chenango,512
2012,0,Total,0,Total,2,Black Non Hispanic,17,Clinton,3347
2012,0,Total,0,Total,2,Black Non Hispanic,18,Columbia,3157
2012,0,Total,0,Total,2,Black Non Hispanic,19,Cortland,1029
2012,0,Total,0,Total,2,Black Non Hispanic,20,Delaware,906
2012,0,Total,0,Total,2,Black Non Hispanic,21,Dutchess,30111
2012,0,Total,0,Total,2,Black Non Hispanic,22,Erie,124906
2012,0,Total,0,Total,2,Black Non Hispanic,23,Essex,1064
2012,0,Total,0,Total,2,Black Non Hispanic,24,Franklin,3135
2012,0,Total,0,Total,2,Black Non Hispanic,25,Fulton,1197
2012,0,Total,0,Total,2,Black Non Hispanic,26,Genesee,1909
2012,0,Total,0,Total,2,Black Non Hispanic,27,Greene,2915
2012,0,Total,0,Total,2,Black Non Hispanic,28,Hamilton,56
2012,0,Total,0,Total,2,Black Non Hispanic,29,Herkimer,849
2012,0,Total,0,Total,2,Black Non Hispanic,30,Jefferson,7441
2012,0,Total,0,Total,2,Black Non Hispanic,31,Lewis,273
2012,0,Total,0,Total,2,Black Non Hispanic,32,Livingston,1801
2012,0,Total,0,Total,2,Black Non Hispanic,33,Madison,1420
2012,0,Total,0,Total,2,Black Non Hispanic,34,Monroe,113537
2012,0,Total,0,Total,2,Black Non Hispanic,35,Montgomery,1013
2012,0,Total,0,Total,2,Black Non Hispanic,36,Nassau,153091
2012,0,Total,0,Total,2,Black Non Hispanic,37,Niagara,15783
2012,0,Total,0,Total,2,Black Non Hispanic,38,Oneida,14924
2012,0,Total,0,Total,2,Black Non Hispanic,39,Onondaga,53646
2012,0,Total,0,Total,2,Black Non Hispanic,40,Ontario,2684
2012,0,Total,0,Total,2,Black Non Hispanic,41,Orange,37672
2012,0,Total,0,Total,2,Black Non Hispanic,42,Orleans,2881
2012,0,Total,0,Total,2,Black Non Hispanic,43,Oswego,1256
2012,0,Total,0,Total,2,Black Non Hispanic,44,Otsego,1274
2012,0,Total,0,Total,2,Black Non Hispanic,45,Putnam,2484
2012,0,Total,0,Total,2,Black Non Hispanic,46,Rensselaer,10971
2012,0,Total,0,Total,2,Black Non Hispanic,47,Rockland,37468
2012,0,Total,0,Total,2,Black Non Hispanic,48,St Lawrence,2797
2012,0,Total,0,Total,2,Black Non Hispanic,49,Saratoga,4050
2012,0,Total,0,Total,2,Black Non Hispanic,50,Schenectady,16421
2012,0,Total,0,Total,2,Black Non Hispanic,51,Schoharie,467
2012,0,Total,0,Total,2,Black Non Hispanic,52,Schuyler,254
2012,0,Total,0,Total,2,Black Non Hispanic,53,Seneca,1766
2012,0,Total,0,Total,2,Black Non Hispanic,54,Steuben,1833
2012,0,Total,0,Total,2,Black Non Hispanic,55,Suffolk,111185
2012,0,Total,0,Total,2,Black Non Hispanic,56,Sullivan,6870
2012,0,Total,0,Total,2,Black Non Hispanic,57,Tioga,523
2012,0,Total,0,Total,2,Black Non Hispanic,58,Tompkins,4666
2012,0,Total,0,Total,2,Black Non Hispanic,59,Ulster,11629
2012,0,Total,0,Total,2,Black Non Hispanic,60,Warren,869
2012,0,Total,0,Total,2,Black Non Hispanic,61,Washington,1948
2012,0,Total,0,Total,2,Black Non Hispanic,62,Wayne,3177
2012,0,Total,0,Total,2,Black Non Hispanic,63,Westchester,134743
2012,0,Total,0,Total,2,Black Non Hispanic,64,Wyoming,2424
2012,0,Total,0,Total,2,Black Non Hispanic,65,Yates,315
2013,0,Total,0,Total,2,Black Non Hispanic,1,New York State,2968187
2013,0,Total,0,Total,2,Black Non Hispanic,2,New York City,1949215
2013,0,Total,0,Total,2,Black Non Hispanic,3,Bronx,431383
2013,0,Total,0,Total,2,Black Non Hispanic,4,Kings,825601
2013,0,Total,0,Total,2,Black Non Hispanic,5,New York,217768
2013,0,Total,0,Total,2,Black Non Hispanic,6,Queens,426963
2013,0,Total,0,Total,2,Black Non Hispanic,7,Richmond,47500
2013,0,Total,0,Total,2,Black Non Hispanic,8,Rest of State,1018972
2013,0,Total,0,Total,2,Black Non Hispanic,9,Albany,39957
2013,0,Total,0,Total,2,Black Non Hispanic,10,Allegany,709
2013,0,Total,0,Total,2,Black Non Hispanic,11,Broome,10934
2013,0,Total,0,Total,2,Black Non Hispanic,12,Cattaraugus,1477
2013,0,Total,0,Total,2,Black Non Hispanic,13,Cayuga,3650
2013,0,Total,0,Total,2,Black Non Hispanic,14,Chautauqua,3632
2013,0,Total,0,Total,2,Black Non Hispanic,15,Chemung,6504
2013,0,Total,0,Total,2,Black Non Hispanic,16,Chenango,580
2013,0,Total,0,Total,2,Black Non Hispanic,17,Clinton,3368
2013,0,Total,0,Total,2,Black Non Hispanic,18,Columbia,3268
2013,0,Total,0,Total,2,Black Non Hispanic,19,Cortland,1026
2013,0,Total,0,Total,2,Black Non Hispanic,20,Delaware,962
2013,0,Total,0,Total,2,Black Non Hispanic,21,Dutchess,30671
2013,0,Total,0,Total,2,Black Non Hispanic,22,Erie,125225
2013,0,Total,0,Total,2,Black Non Hispanic,23,Essex,1121
2013,0,Total,0,Total,2,Black Non Hispanic,24,Franklin,3178
2013,0,Total,0,Total,2,Black Non Hispanic,25,Fulton,1185
2013,0,Total,0,Total,2,Black Non Hispanic,26,Genesee,1952
2013,0,Total,0,Total,2,Black Non Hispanic,27,Greene,2987
2013,0,Total,0,Total,2,Black Non Hispanic,28,Hamilton,60
2013,0,Total,0,Total,2,Black Non Hispanic,29,Herkimer,939
2013,0,Total,0,Total,2,Black Non Hispanic,30,Jefferson,7720
2013,0,Total,0,Total,2,Black Non Hispanic,31,Lewis,307
2013,0,Total,0,Total,2,Black Non Hispanic,32,Livingston,1813
2013,0,Total,0,Total,2,Black Non Hispanic,33,Madison,1477
2013,0,Total,0,Total,2,Black Non Hispanic,34,Monroe,114079
2013,0,Total,0,Total,2,Black Non Hispanic,35,Montgomery,1130
2013,0,Total,0,Total,2,Black Non Hispanic,36,Nassau,155178
2013,0,Total,0,Total,2,Black Non Hispanic,37,Niagara,15996
2013,0,Total,0,Total,2,Black Non Hispanic,38,Oneida,15410
2013,0,Total,0,Total,2,Black Non Hispanic,39,Onondaga,54427
2013,0,Total,0,Total,2,Black Non Hispanic,40,Ontario,2839
2013,0,Total,0,Total,2,Black Non Hispanic,41,Orange,38453
2013,0,Total,0,Total,2,Black Non Hispanic,42,Orleans,2748
2013,0,Total,0,Total,2,Black Non Hispanic,43,Oswego,1383
2013,0,Total,0,Total,2,Black Non Hispanic,44,Otsego,1358
2013,0,Total,0,Total,2,Black Non Hispanic,45,Putnam,2657
2013,0,Total,0,Total,2,Black Non Hispanic,46,Rensselaer,11316
2013,0,Total,0,Total,2,Black Non Hispanic,47,Rockland,37810
2013,0,Total,0,Total,2,Black Non Hispanic,48,St Lawrence,2787
2013,0,Total,0,Total,2,Black Non Hispanic,49,Saratoga,4204
2013,0,Total,0,Total,2,Black Non Hispanic,50,Schenectady,16916
2013,0,Total,0,Total,2,Black Non Hispanic,51,Schoharie,498
2013,0,Total,0,Total,2,Black Non Hispanic,52,Schuyler,283
2013,0,Total,0,Total,2,Black Non Hispanic,53,Seneca,1875
2013,0,Total,0,Total,2,Black Non Hispanic,54,Steuben,1916
2013,0,Total,0,Total,2,Black Non Hispanic,55,Suffolk,112051
2013,0,Total,0,Total,2,Black Non Hispanic,56,Sullivan,6887
2013,0,Total,0,Total,2,Black Non Hispanic,57,Tioga,557
2013,0,Total,0,Total,2,Black Non Hispanic,58,Tompkins,4813
2013,0,Total,0,Total,2,Black Non Hispanic,59,Ulster,11795
2013,0,Total,0,Total,2,Black Non Hispanic,60,Warren,939
2013,0,Total,0,Total,2,Black Non Hispanic,61,Washington,2035
2013,0,Total,0,Total,2,Black Non Hispanic,62,Wayne,3193
2013,0,Total,0,Total,2,Black Non Hispanic,63,Westchester,135977
2013,0,Total,0,Total,2,Black Non Hispanic,64,Wyoming,2441
2013,0,Total,0,Total,2,Black Non Hispanic,65,Yates,319
2014,0,Total,0,Total,2,Black Non Hispanic,28,Hamilton,66
2014,0,Total,0,Total,2,Black Non Hispanic,17,Clinton,3616
2014,0,Total,0,Total,2,Black Non Hispanic,23,Essex,1196
2014,0,Total,0,Total,2,Black Non Hispanic,19,Cortland,1092
2014,0,Total,0,Total,2,Black Non Hispanic,16,Chenango,612
2014,0,Total,0,Total,2,Black Non Hispanic,43,Oswego,1458
2014,0,Total,0,Total,2,Black Non Hispanic,33,Madison,1555
2014,0,Total,0,Total,2,Black Non Hispanic,32,Livingston,1905
2014,0,Total,0,Total,2,Black Non Hispanic,12,Cattaraugus,1548
2014,0,Total,0,Total,2,Black Non Hispanic,49,Saratoga,4399
2014,0,Total,0,Total,2,Black Non Hispanic,11,Broome,11390
2014,0,Total,0,Total,2,Black Non Hispanic,45,Putnam,2767
2014,0,Total,0,Total,2,Black Non Hispanic,31,Lewis,319
2014,0,Total,0,Total,2,Black Non Hispanic,18,Columbia,3383
2014,0,Total,0,Total,2,Black Non Hispanic,44,Otsego,1401
2014,0,Total,0,Total,2,Black Non Hispanic,42,Orleans,2835
2014,0,Total,0,Total,2,Black Non Hispanic,62,Wayne,3289
2014,0,Total,0,Total,2,Black Non Hispanic,51,Schoharie,512
2014,0,Total,0,Total,2,Black Non Hispanic,57,Tioga,572
2014,0,Total,0,Total,2,Black Non Hispanic,10,Allegany,727
2014,0,Total,0,Total,2,Black Non Hispanic,30,Jefferson,7903
2014,0,Total,0,Total,2,Black Non Hispanic,27,Greene,3055
2014,0,Total,0,Total,2,Black Non Hispanic,50,Schenectady,17282
2014,0,Total,0,Total,2,Black Non Hispanic,14,Chautauqua,3703
2014,0,Total,0,Total,2,Black Non Hispanic,41,Orange,39192
2014,0,Total,0,Total,2,Black Non Hispanic,46,Rensselaer,11532
2014,0,Total,0,Total,2,Black Non Hispanic,36,Nassau,158139
2014,0,Total,0,Total,2,Black Non Hispanic,39,Onondaga,55459
2014,0,Total,0,Total,2,Black Non Hispanic,47,Rockland,38483
2014,0,Total,0,Total,2,Black Non Hispanic,21,Dutchess,31203
2014,0,Total,0,Total,2,Black Non Hispanic,35,Montgomery,1149
2014,0,Total,0,Total,2,Black Non Hispanic,9,Albany,40604
2014,0,Total,0,Total,2,Black Non Hispanic,8,Rest of State,1033108
2014,0,Total,0,Total,2,Black Non Hispanic,55,Suffolk,113511
2014,0,Total,0,Total,2,Black Non Hispanic,53,Seneca,1898
2014,0,Total,0,Total,2,Black Non Hispanic,3,Bronx,436602
2014,0,Total,0,Total,2,Black Non Hispanic,58,Tompkins,4867
2014,0,Total,0,Total,2,Black Non Hispanic,29,Herkimer,949
2014,0,Total,0,Total,2,Black Non Hispanic,60,Warren,948
2014,0,Total,0,Total,2,Black Non Hispanic,63,Westchester,137210
2014,0,Total,0,Total,2,Black Non Hispanic,34,Monroe,115092
2014,0,Total,0,Total,2,Black Non Hispanic,1,New York State,2994271
2014,0,Total,0,Total,2,Black Non Hispanic,7,Richmond,47909
2014,0,Total,0,Total,2,Black Non Hispanic,37,Niagara,16125
2014,0,Total,0,Total,2,Black Non Hispanic,22,Erie,126228
2014,0,Total,0,Total,2,Black Non Hispanic,25,Fulton,1193
2014,0,Total,0,Total,2,Black Non Hispanic,65,Yates,321
2014,0,Total,0,Total,2,Black Non Hispanic,2,New York City,1961163
2014,0,Total,0,Total,2,Black Non Hispanic,48,St Lawrence,2804
2014,0,Total,0,Total,2,Black Non Hispanic,6,Queens,429438
2014,0,Total,0,Total,2,Black Non Hispanic,4,Kings,829253
2014,0,Total,0,Total,2,Black Non Hispanic,40,Ontario,2851
2014,0,Total,0,Total,2,Black Non Hispanic,38,Oneida,15474
2014,0,Total,0,Total,2,Black Non Hispanic,61,Washington,2042
2014,0,Total,0,Total,2,Black Non Hispanic,15,Chemung,6526
2014,0,Total,0,Total,2,Black Non Hispanic,59,Ulster,11825
2014,0,Total,0,Total,2,Black Non Hispanic,26,Genesee,1955
2014,0,Total,0,Total,2,Black Non Hispanic,5,New York,217961
2014,0,Total,0,Total,2,Black Non Hispanic,20,Delaware,962
2014,0,Total,0,Total,2,Black Non Hispanic,54,Steuben,1915
2014,0,Total,0,Total,2,Black Non Hispanic,56,Sullivan,6820
2014,0,Total,0,Total,2,Black Non Hispanic,52,Schuyler,279
2014,0,Total,0,Total,2,Black Non Hispanic,64,Wyoming,2386
2014,0,Total,0,Total,2,Black Non Hispanic,13,Cayuga,3526
2014,0,Total,0,Total,2,Black Non Hispanic,24,Franklin,3055
