Year,Age Group Code,Age Group Description,Gender Code,Gender Description,Race Ethnicity Code,Race/Ethnicity Description,County Code,County,Population Hispanic
2003,0,Total,0,Total,5,Hispanic,1,New York State,3132186
2003,0,Total,0,Total,5,Hispanic,2,New York City,2280008
2003,0,Total,0,Total,5,Hispanic,3,Bronx,699307
2003,0,Total,0,Total,5,Hispanic,4,Kings,503095
2003,0,Total,0,Total,5,Hispanic,5,New York,428257
2003,0,Total,0,Total,5,Hispanic,6,Queens,583547
2003,0,Total,0,Total,5,Hispanic,7,Richmond,65802
2003,0,Total,0,Total,5,Hispanic,8,Rest of State,852178
2003,0,Total,0,Total,5,Hispanic,9,Albany,11171
2003,0,Total,0,Total,5,Hispanic,10,Allegany,592
2003,0,Total,0,Total,5,Hispanic,11,Broome,4802
2003,0,Total,0,Total,5,Hispanic,12,Cattaraugus,1104
2003,0,Total,0,Total,5,Hispanic,13,Cayuga,1856
2003,0,Total,0,Total,5,Hispanic,14,Chautauqua,6848
2003,0,Total,0,Total,5,Hispanic,15,Chemung,2008
2003,0,Total,0,Total,5,Hispanic,16,Chenango,883
2003,0,Total,0,Total,5,Hispanic,17,Clinton,2276
2003,0,Total,0,Total,5,Hispanic,18,Columbia,1999
2003,0,Total,0,Total,5,Hispanic,19,Cortland,739
2003,0,Total,0,Total,5,Hispanic,20,Delaware,1198
2003,0,Total,0,Total,5,Hispanic,21,Dutchess,22880
2003,0,Total,0,Total,5,Hispanic,22,Erie,35187
2003,0,Total,0,Total,5,Hispanic,23,Essex,971
2003,0,Total,0,Total,5,Hispanic,24,Franklin,2082
2003,0,Total,0,Total,5,Hispanic,25,Fulton,1067
2003,0,Total,0,Total,5,Hispanic,26,Genesee,1180
2003,0,Total,0,Total,5,Hispanic,27,Greene,2367
2003,0,Total,0,Total,5,Hispanic,28,Hamilton,59
2003,0,Total,0,Total,5,Hispanic,29,Herkimer,718
2003,0,Total,0,Total,5,Hispanic,30,Jefferson,8359
2003,0,Total,0,Total,5,Hispanic,31,Lewis,275
2003,0,Total,0,Total,5,Hispanic,32,Livingston,1692
2003,0,Total,0,Total,5,Hispanic,33,Madison,970
2003,0,Total,0,Total,5,Hispanic,34,Monroe,44580
2003,0,Total,0,Total,5,Hispanic,35,Montgomery,4370
2003,0,Total,0,Total,5,Hispanic,36,Nassau,156110
2003,0,Total,0,Total,5,Hispanic,37,Niagara,3715
2003,0,Total,0,Total,5,Hispanic,38,Oneida,8994
2003,0,Total,0,Total,5,Hispanic,39,Onondaga,13793
2003,0,Total,0,Total,5,Hispanic,40,Ontario,2861
2003,0,Total,0,Total,5,Hispanic,41,Orange,52504
2003,0,Total,0,Total,5,Hispanic,42,Orleans,1713
2003,0,Total,0,Total,5,Hispanic,43,Oswego,1984
2003,0,Total,0,Total,5,Hispanic,44,Otsego,1358
2003,0,Total,0,Total,5,Hispanic,45,Putnam,8462
2003,0,Total,0,Total,5,Hispanic,46,Rensselaer,4141
2003,0,Total,0,Total,5,Hispanic,47,Rockland,35233
2003,0,Total,0,Total,5,Hispanic,48,St Lawrence,2437
2003,0,Total,0,Total,5,Hispanic,49,Saratoga,4514
2003,0,Total,0,Total,5,Hispanic,50,Schenectady,5880
2003,0,Total,0,Total,5,Hispanic,51,Schoharie,698
2003,0,Total,0,Total,5,Hispanic,52,Schuyler,281
2003,0,Total,0,Total,5,Hispanic,53,Seneca,1134
2003,0,Total,0,Total,5,Hispanic,54,Steuben,1213
2003,0,Total,0,Total,5,Hispanic,55,Suffolk,183182
2003,0,Total,0,Total,5,Hispanic,56,Sullivan,7853
2003,0,Total,0,Total,5,Hispanic,57,Tioga,723
2003,0,Total,0,Total,5,Hispanic,58,Tompkins,3679
2003,0,Total,0,Total,5,Hispanic,59,Ulster,12619
2003,0,Total,0,Total,5,Hispanic,60,Warren,971
2003,0,Total,0,Total,5,Hispanic,61,Washington,1432
2003,0,Total,0,Total,5,Hispanic,62,Wayne,2807
2003,0,Total,0,Total,5,Hispanic,63,Westchester,168054
2003,0,Total,0,Total,5,Hispanic,64,Wyoming,1279
2003,0,Total,0,Total,5,Hispanic,65,Yates,321
2004,0,Total,0,Total,5,Hispanic,1,New York State,3076697
2004,0,Total,0,Total,5,Hispanic,2,New York City,2252000
2004,0,Total,0,Total,5,Hispanic,3,Bronx,696411
2004,0,Total,0,Total,5,Hispanic,4,Kings,493608
2004,0,Total,0,Total,5,Hispanic,5,New York,416572
2004,0,Total,0,Total,5,Hispanic,6,Queens,579775
2004,0,Total,0,Total,5,Hispanic,7,Richmond,65634
2004,0,Total,0,Total,5,Hispanic,8,Rest of State,824697
2004,0,Total,0,Total,5,Hispanic,9,Albany,10223
2004,0,Total,0,Total,5,Hispanic,10,Allegany,554
2004,0,Total,0,Total,5,Hispanic,11,Broome,4419
2004,0,Total,0,Total,5,Hispanic,12,Cattaraugus,948
2004,0,Total,0,Total,5,Hispanic,13,Cayuga,1847
2004,0,Total,0,Total,5,Hispanic,14,Chautauqua,6343
2004,0,Total,0,Total,5,Hispanic,15,Chemung,1795
2004,0,Total,0,Total,5,Hispanic,16,Chenango,783
2004,0,Total,0,Total,5,Hispanic,17,Clinton,2216
2004,0,Total,0,Total,5,Hispanic,18,Columbia,1900
2004,0,Total,0,Total,5,Hispanic,19,Cortland,683
2004,0,Total,0,Total,5,Hispanic,20,Delaware,1163
2004,0,Total,0,Total,5,Hispanic,21,Dutchess,22681
2004,0,Total,0,Total,5,Hispanic,22,Erie,32628
2004,0,Total,0,Total,5,Hispanic,23,Essex,924
2004,0,Total,0,Total,5,Hispanic,24,Franklin,2021
2004,0,Total,0,Total,5,Hispanic,25,Fulton,978
2004,0,Total,0,Total,5,Hispanic,26,Genesee,1092
2004,0,Total,0,Total,5,Hispanic,27,Greene,2382
2004,0,Total,0,Total,5,Hispanic,28,Hamilton,61
2004,0,Total,0,Total,5,Hispanic,29,Herkimer,741
2004,0,Total,0,Total,5,Hispanic,30,Jefferson,4283
2004,0,Total,0,Total,5,Hispanic,31,Lewis,205
2004,0,Total,0,Total,5,Hispanic,32,Livingston,1566
2004,0,Total,0,Total,5,Hispanic,33,Madison,813
2004,0,Total,0,Total,5,Hispanic,34,Monroe,41353
2004,0,Total,0,Total,5,Hispanic,35,Montgomery,3900
2004,0,Total,0,Total,5,Hispanic,36,Nassau,152084
2004,0,Total,0,Total,5,Hispanic,37,Niagara,3205
2004,0,Total,0,Total,5,Hispanic,38,Oneida,8448
2004,0,Total,0,Total,5,Hispanic,39,Onondaga,12375
2004,0,Total,0,Total,5,Hispanic,40,Ontario,2443
2004,0,Total,0,Total,5,Hispanic,41,Orange,53468
2004,0,Total,0,Total,5,Hispanic,42,Orleans,1794
2004,0,Total,0,Total,5,Hispanic,43,Oswego,1707
2004,0,Total,0,Total,5,Hispanic,44,Otsego,1302
2004,0,Total,0,Total,5,Hispanic,45,Putnam,8594
2004,0,Total,0,Total,5,Hispanic,46,Rensselaer,3858
2004,0,Total,0,Total,5,Hispanic,47,Rockland,34679
2004,0,Total,0,Total,5,Hispanic,48,St Lawrence,2040
2004,0,Total,0,Total,5,Hispanic,49,Saratoga,3746
2004,0,Total,0,Total,5,Hispanic,50,Schenectady,5502
2004,0,Total,0,Total,5,Hispanic,51,Schoharie,648
2004,0,Total,0,Total,5,Hispanic,52,Schuyler,264
2004,0,Total,0,Total,5,Hispanic,53,Seneca,1002
2004,0,Total,0,Total,5,Hispanic,54,Steuben,965
2004,0,Total,0,Total,5,Hispanic,55,Suffolk,181429
2004,0,Total,0,Total,5,Hispanic,56,Sullivan,8022
2004,0,Total,0,Total,5,Hispanic,57,Tioga,681
2004,0,Total,0,Total,5,Hispanic,58,Tompkins,3284
2004,0,Total,0,Total,5,Hispanic,59,Ulster,12083
2004,0,Total,0,Total,5,Hispanic,60,Warren,920
2004,0,Total,0,Total,5,Hispanic,61,Washington,1448
2004,0,Total,0,Total,5,Hispanic,62,Wayne,2648
2004,0,Total,0,Total,5,Hispanic,63,Westchester,165929
2004,0,Total,0,Total,5,Hispanic,64,Wyoming,1317
2004,0,Total,0,Total,5,Hispanic,65,Yates,310
2005,0,Total,0,Total,5,Hispanic,1,New York State,3101626
2005,0,Total,0,Total,5,Hispanic,2,New York City,2254999
2005,0,Total,0,Total,5,Hispanic,3,Bronx,695902
2005,0,Total,0,Total,5,Hispanic,4,Kings,493725
2005,0,Total,0,Total,5,Hispanic,5,New York,411942
2005,0,Total,0,Total,5,Hispanic,6,Queens,585808
2005,0,Total,0,Total,5,Hispanic,7,Richmond,67622
2005,0,Total,0,Total,5,Hispanic,8,Rest of State,846627
2005,0,Total,0,Total,5,Hispanic,9,Albany,10533
2005,0,Total,0,Total,5,Hispanic,10,Allegany,577
2005,0,Total,0,Total,5,Hispanic,11,Broome,4648
2005,0,Total,0,Total,5,Hispanic,12,Cattaraugus,953
2005,0,Total,0,Total,5,Hispanic,13,Cayuga,1777
2005,0,Total,0,Total,5,Hispanic,14,Chautauqua,6256
2005,0,Total,0,Total,5,Hispanic,15,Chemung,1841
2005,0,Total,0,Total,5,Hispanic,16,Chenango,832
2005,0,Total,0,Total,5,Hispanic,17,Clinton,2267
2005,0,Total,0,Total,5,Hispanic,18,Columbia,1961
2005,0,Total,0,Total,5,Hispanic,19,Cortland,823
2005,0,Total,0,Total,5,Hispanic,20,Delaware,1270
2005,0,Total,0,Total,5,Hispanic,21,Dutchess,23859
2005,0,Total,0,Total,5,Hispanic,22,Erie,33047
2005,0,Total,0,Total,5,Hispanic,23,Essex,910
2005,0,Total,0,Total,5,Hispanic,24,Franklin,2055
2005,0,Total,0,Total,5,Hispanic,25,Fulton,1064
2005,0,Total,0,Total,5,Hispanic,26,Genesee,1151
2005,0,Total,0,Total,5,Hispanic,27,Greene,2393
2005,0,Total,0,Total,5,Hispanic,28,Hamilton,71
2005,0,Total,0,Total,5,Hispanic,29,Herkimer,891
2005,0,Total,0,Total,5,Hispanic,30,Jefferson,4885
2005,0,Total,0,Total,5,Hispanic,31,Lewis,211
2005,0,Total,0,Total,5,Hispanic,32,Livingston,1505
2005,0,Total,0,Total,5,Hispanic,33,Madison,886
2005,0,Total,0,Total,5,Hispanic,34,Monroe,41504
2005,0,Total,0,Total,5,Hispanic,35,Montgomery,3963
2005,0,Total,0,Total,5,Hispanic,36,Nassau,155582
2005,0,Total,0,Total,5,Hispanic,37,Niagara,3131
2005,0,Total,0,Total,5,Hispanic,38,Oneida,8519
2005,0,Total,0,Total,5,Hispanic,39,Onondaga,12376
2005,0,Total,0,Total,5,Hispanic,40,Ontario,2516
2005,0,Total,0,Total,5,Hispanic,41,Orange,55726
2005,0,Total,0,Total,5,Hispanic,42,Orleans,1671
2005,0,Total,0,Total,5,Hispanic,43,Oswego,1706
2005,0,Total,0,Total,5,Hispanic,44,Otsego,1331
2005,0,Total,0,Total,5,Hispanic,45,Putnam,9262
2005,0,Total,0,Total,5,Hispanic,46,Rensselaer,3954
2005,0,Total,0,Total,5,Hispanic,47,Rockland,35784
2005,0,Total,0,Total,5,Hispanic,48,St Lawrence,2115
2005,0,Total,0,Total,5,Hispanic,49,Saratoga,3914
2005,0,Total,0,Total,5,Hispanic,50,Schenectady,5817
2005,0,Total,0,Total,5,Hispanic,51,Schoharie,655
2005,0,Total,0,Total,5,Hispanic,52,Schuyler,264
2005,0,Total,0,Total,5,Hispanic,53,Seneca,982
2005,0,Total,0,Total,5,Hispanic,54,Steuben,1041
2005,0,Total,0,Total,5,Hispanic,55,Suffolk,186335
2005,0,Total,0,Total,5,Hispanic,56,Sullivan,8404
2005,0,Total,0,Total,5,Hispanic,57,Tioga,682
2005,0,Total,0,Total,5,Hispanic,58,Tompkins,3534
2005,0,Total,0,Total,5,Hispanic,59,Ulster,12564
2005,0,Total,0,Total,5,Hispanic,60,Warren,991
2005,0,Total,0,Total,5,Hispanic,61,Washington,1558
2005,0,Total,0,Total,5,Hispanic,62,Wayne,2767
2005,0,Total,0,Total,5,Hispanic,63,Westchester,169687
2005,0,Total,0,Total,5,Hispanic,64,Wyoming,1323
2005,0,Total,0,Total,5,Hispanic,65,Yates,303
2006,0,Total,0,Total,5,Hispanic,1,New York State,3139456
2006,0,Total,0,Total,5,Hispanic,2,New York City,2267827
2006,0,Total,0,Total,5,Hispanic,3,Bronx,693884
2006,0,Total,0,Total,5,Hispanic,4,Kings,496304
2006,0,Total,0,Total,5,Hispanic,5,New York,408712
2006,0,Total,0,Total,5,Hispanic,6,Queens,597773
2006,0,Total,0,Total,5,Hispanic,7,Richmond,71154
2006,0,Total,0,Total,5,Hispanic,8,Rest of State,871628
2006,0,Total,0,Total,5,Hispanic,9,Albany,10962
2006,0,Total,0,Total,5,Hispanic,10,Allegany,559
2006,0,Total,0,Total,5,Hispanic,11,Broome,4672
2006,0,Total,0,Total,5,Hispanic,12,Cattaraugus,929
2006,0,Total,0,Total,5,Hispanic,13,Cayuga,1682
2006,0,Total,0,Total,5,Hispanic,14,Chautauqua,6303
2006,0,Total,0,Total,5,Hispanic,15,Chemung,1761
2006,0,Total,0,Total,5,Hispanic,16,Chenango,761
2006,0,Total,0,Total,5,Hispanic,17,Clinton,2183
2006,0,Total,0,Total,5,Hispanic,18,Columbia,1910
2006,0,Total,0,Total,5,Hispanic,19,Cortland,751
2006,0,Total,0,Total,5,Hispanic,20,Delaware,1302
2006,0,Total,0,Total,5,Hispanic,21,Dutchess,24879
2006,0,Total,0,Total,5,Hispanic,22,Erie,33271
2006,0,Total,0,Total,5,Hispanic,23,Essex,922
2006,0,Total,0,Total,5,Hispanic,24,Franklin,2099
2006,0,Total,0,Total,5,Hispanic,25,Fulton,1107
2006,0,Total,0,Total,5,Hispanic,26,Genesee,1176
2006,0,Total,0,Total,5,Hispanic,27,Greene,2462
2006,0,Total,0,Total,5,Hispanic,28,Hamilton,64
2006,0,Total,0,Total,5,Hispanic,29,Herkimer,869
2006,0,Total,0,Total,5,Hispanic,30,Jefferson,4833
2006,0,Total,0,Total,5,Hispanic,31,Lewis,218
2006,0,Total,0,Total,5,Hispanic,32,Livingston,1600
2006,0,Total,0,Total,5,Hispanic,33,Madison,900
2006,0,Total,0,Total,5,Hispanic,34,Monroe,41581
2006,0,Total,0,Total,5,Hispanic,35,Montgomery,4203
2006,0,Total,0,Total,5,Hispanic,36,Nassau,160017
2006,0,Total,0,Total,5,Hispanic,37,Niagara,3371
2006,0,Total,0,Total,5,Hispanic,38,Oneida,8876
2006,0,Total,0,Total,5,Hispanic,39,Onondaga,12902
2006,0,Total,0,Total,5,Hispanic,40,Ontario,2820
2006,0,Total,0,Total,5,Hispanic,41,Orange,57980
2006,0,Total,0,Total,5,Hispanic,42,Orleans,1683
2006,0,Total,0,Total,5,Hispanic,43,Oswego,1869
2006,0,Total,0,Total,5,Hispanic,44,Otsego,1357
2006,0,Total,0,Total,5,Hispanic,45,Putnam,9691
2006,0,Total,0,Total,5,Hispanic,46,Rensselaer,4029
2006,0,Total,0,Total,5,Hispanic,47,Rockland,37424
2006,0,Total,0,Total,5,Hispanic,48,St Lawrence,2079
2006,0,Total,0,Total,5,Hispanic,49,Saratoga,4133
2006,0,Total,0,Total,5,Hispanic,50,Schenectady,6037
2006,0,Total,0,Total,5,Hispanic,51,Schoharie,626
2006,0,Total,0,Total,5,Hispanic,52,Schuyler,261
2006,0,Total,0,Total,5,Hispanic,53,Seneca,987
2006,0,Total,0,Total,5,Hispanic,54,Steuben,1042
2006,0,Total,0,Total,5,Hispanic,55,Suffolk,191552
2006,0,Total,0,Total,5,Hispanic,56,Sullivan,8568
2006,0,Total,0,Total,5,Hispanic,57,Tioga,683
2006,0,Total,0,Total,5,Hispanic,58,Tompkins,3869
2006,0,Total,0,Total,5,Hispanic,59,Ulster,12812
2006,0,Total,0,Total,5,Hispanic,60,Warren,1026
2006,0,Total,0,Total,5,Hispanic,61,Washington,1522
2006,0,Total,0,Total,5,Hispanic,62,Wayne,2785
2006,0,Total,0,Total,5,Hispanic,63,Westchester,175990
2006,0,Total,0,Total,5,Hispanic,64,Wyoming,1342
2006,0,Total,0,Total,5,Hispanic,65,Yates,336
2007,0,Total,0,Total,5,Hispanic,1,New York State,3162382
2007,0,Total,0,Total,5,Hispanic,2,New York City,2269971
2007,0,Total,0,Total,5,Hispanic,3,Bronx,702073
2007,0,Total,0,Total,5,Hispanic,4,Kings,493961
2007,0,Total,0,Total,5,Hispanic,5,New York,400498
2007,0,Total,0,Total,5,Hispanic,6,Queens,600467
2007,0,Total,0,Total,5,Hispanic,7,Richmond,72972
2007,0,Total,0,Total,5,Hispanic,8,Rest of State,892411
2007,0,Total,0,Total,5,Hispanic,9,Albany,11509
2007,0,Total,0,Total,5,Hispanic,10,Allegany,579
2007,0,Total,0,Total,5,Hispanic,11,Broome,4943
2007,0,Total,0,Total,5,Hispanic,12,Cattaraugus,915
2007,0,Total,0,Total,5,Hispanic,13,Cayuga,1745
2007,0,Total,0,Total,5,Hispanic,14,Chautauqua,6438
2007,0,Total,0,Total,5,Hispanic,15,Chemung,1857
2007,0,Total,0,Total,5,Hispanic,16,Chenango,754
2007,0,Total,0,Total,5,Hispanic,17,Clinton,2177
2007,0,Total,0,Total,5,Hispanic,18,Columbia,1971
2007,0,Total,0,Total,5,Hispanic,19,Cortland,792
2007,0,Total,0,Total,5,Hispanic,20,Delaware,1295
2007,0,Total,0,Total,5,Hispanic,21,Dutchess,25976
2007,0,Total,0,Total,5,Hispanic,22,Erie,34014
2007,0,Total,0,Total,5,Hispanic,23,Essex,899
2007,0,Total,0,Total,5,Hispanic,24,Franklin,2081
2007,0,Total,0,Total,5,Hispanic,25,Fulton,1253
2007,0,Total,0,Total,5,Hispanic,26,Genesee,1195
2007,0,Total,0,Total,5,Hispanic,27,Greene,2469
2007,0,Total,0,Total,5,Hispanic,28,Hamilton,67
2007,0,Total,0,Total,5,Hispanic,29,Herkimer,885
2007,0,Total,0,Total,5,Hispanic,30,Jefferson,5056
2007,0,Total,0,Total,5,Hispanic,31,Lewis,247
2007,0,Total,0,Total,5,Hispanic,32,Livingston,1581
2007,0,Total,0,Total,5,Hispanic,33,Madison,981
2007,0,Total,0,Total,5,Hispanic,34,Monroe,42181
2007,0,Total,0,Total,5,Hispanic,35,Montgomery,4347
2007,0,Total,0,Total,5,Hispanic,36,Nassau,162564
2007,0,Total,0,Total,5,Hispanic,37,Niagara,3588
2007,0,Total,0,Total,5,Hispanic,38,Oneida,8921
2007,0,Total,0,Total,5,Hispanic,39,Onondaga,13125
2007,0,Total,0,Total,5,Hispanic,40,Ontario,2965
2007,0,Total,0,Total,5,Hispanic,41,Orange,59791
2007,0,Total,0,Total,5,Hispanic,42,Orleans,1847
2007,0,Total,0,Total,5,Hispanic,43,Oswego,1948
2007,0,Total,0,Total,5,Hispanic,44,Otsego,1415
2007,0,Total,0,Total,5,Hispanic,45,Putnam,10243
2007,0,Total,0,Total,5,Hispanic,46,Rensselaer,4336
2007,0,Total,0,Total,5,Hispanic,47,Rockland,39001
2007,0,Total,0,Total,5,Hispanic,48,St Lawrence,2074
2007,0,Total,0,Total,5,Hispanic,49,Saratoga,4366
2007,0,Total,0,Total,5,Hispanic,50,Schenectady,6564
2007,0,Total,0,Total,5,Hispanic,51,Schoharie,708
2007,0,Total,0,Total,5,Hispanic,52,Schuyler,281
2007,0,Total,0,Total,5,Hispanic,53,Seneca,1008
2007,0,Total,0,Total,5,Hispanic,54,Steuben,1052
2007,0,Total,0,Total,5,Hispanic,55,Suffolk,193605
2007,0,Total,0,Total,5,Hispanic,56,Sullivan,8837
2007,0,Total,0,Total,5,Hispanic,57,Tioga,691
2007,0,Total,0,Total,5,Hispanic,58,Tompkins,3982
2007,0,Total,0,Total,5,Hispanic,59,Ulster,13396
2007,0,Total,0,Total,5,Hispanic,60,Warren,1069
2007,0,Total,0,Total,5,Hispanic,61,Washington,1440
2007,0,Total,0,Total,5,Hispanic,62,Wayne,2824
2007,0,Total,0,Total,5,Hispanic,63,Westchester,180819
2007,0,Total,0,Total,5,Hispanic,64,Wyoming,1353
2007,0,Total,0,Total,5,Hispanic,65,Yates,391
2008,0,Total,0,Total,5,Hispanic,1,New York State,3250038
2008,0,Total,0,Total,5,Hispanic,2,New York City,2313399
2008,0,Total,0,Total,5,Hispanic,3,Bronx,719596
2008,0,Total,0,Total,5,Hispanic,4,Kings,504051
2008,0,Total,0,Total,5,Hispanic,5,New York,400698
2008,0,Total,0,Total,5,Hispanic,6,Queens,612873
2008,0,Total,0,Total,5,Hispanic,7,Richmond,76181
2008,0,Total,0,Total,5,Hispanic,8,Rest of State,936639
2008,0,Total,0,Total,5,Hispanic,9,Albany,11999
2008,0,Total,0,Total,5,Hispanic,10,Allegany,613
2008,0,Total,0,Total,5,Hispanic,11,Broome,5221
2008,0,Total,0,Total,5,Hispanic,12,Cattaraugus,995
2008,0,Total,0,Total,5,Hispanic,13,Cayuga,1847
2008,0,Total,0,Total,5,Hispanic,14,Chautauqua,6916
2008,0,Total,0,Total,5,Hispanic,15,Chemung,1938
2008,0,Total,0,Total,5,Hispanic,16,Chenango,782
2008,0,Total,0,Total,5,Hispanic,17,Clinton,2205
2008,0,Total,0,Total,5,Hispanic,18,Columbia,2059
2008,0,Total,0,Total,5,Hispanic,19,Cortland,821
2008,0,Total,0,Total,5,Hispanic,20,Delaware,1347
2008,0,Total,0,Total,5,Hispanic,21,Dutchess,26732
2008,0,Total,0,Total,5,Hispanic,22,Erie,35305
2008,0,Total,0,Total,5,Hispanic,23,Essex,884
2008,0,Total,0,Total,5,Hispanic,24,Franklin,2114
2008,0,Total,0,Total,5,Hispanic,25,Fulton,1286
2008,0,Total,0,Total,5,Hispanic,26,Genesee,1283
2008,0,Total,0,Total,5,Hispanic,27,Greene,2515
2008,0,Total,0,Total,5,Hispanic,28,Hamilton,68
2008,0,Total,0,Total,5,Hispanic,29,Herkimer,889
2008,0,Total,0,Total,5,Hispanic,30,Jefferson,5624
2008,0,Total,0,Total,5,Hispanic,31,Lewis,275
2008,0,Total,0,Total,5,Hispanic,32,Livingston,1640
2008,0,Total,0,Total,5,Hispanic,33,Madison,995
2008,0,Total,0,Total,5,Hispanic,34,Monroe,44129
2008,0,Total,0,Total,5,Hispanic,35,Montgomery,4526
2008,0,Total,0,Total,5,Hispanic,36,Nassau,172707
2008,0,Total,0,Total,5,Hispanic,37,Niagara,3921
2008,0,Total,0,Total,5,Hispanic,38,Oneida,9472
2008,0,Total,0,Total,5,Hispanic,39,Onondaga,13977
2008,0,Total,0,Total,5,Hispanic,40,Ontario,3214
2008,0,Total,0,Total,5,Hispanic,41,Orange,62599
2008,0,Total,0,Total,5,Hispanic,42,Orleans,1863
2008,0,Total,0,Total,5,Hispanic,43,Oswego,2029
2008,0,Total,0,Total,5,Hispanic,44,Otsego,1404
2008,0,Total,0,Total,5,Hispanic,45,Putnam,10535
2008,0,Total,0,Total,5,Hispanic,46,Rensselaer,4548
2008,0,Total,0,Total,5,Hispanic,47,Rockland,40504
2008,0,Total,0,Total,5,Hispanic,48,St Lawrence,2157
2008,0,Total,0,Total,5,Hispanic,49,Saratoga,4512
2008,0,Total,0,Total,5,Hispanic,50,Schenectady,6904
2008,0,Total,0,Total,5,Hispanic,51,Schoharie,721
2008,0,Total,0,Total,5,Hispanic,52,Schuyler,283
2008,0,Total,0,Total,5,Hispanic,53,Seneca,1025
2008,0,Total,0,Total,5,Hispanic,54,Steuben,1102
2008,0,Total,0,Total,5,Hispanic,55,Suffolk,207326
2008,0,Total,0,Total,5,Hispanic,56,Sullivan,9075
2008,0,Total,0,Total,5,Hispanic,57,Tioga,715
2008,0,Total,0,Total,5,Hispanic,58,Tompkins,3958
2008,0,Total,0,Total,5,Hispanic,59,Ulster,13733
2008,0,Total,0,Total,5,Hispanic,60,Warren,1089
2008,0,Total,0,Total,5,Hispanic,61,Washington,1492
2008,0,Total,0,Total,5,Hispanic,62,Wayne,2978
2008,0,Total,0,Total,5,Hispanic,63,Westchester,186060
2008,0,Total,0,Total,5,Hispanic,64,Wyoming,1334
2008,0,Total,0,Total,5,Hispanic,65,Yates,394
2009,0,Total,0,Total,5,Hispanic,1,New York State,3274385
2009,0,Total,0,Total,5,Hispanic,2,New York City,2315041
2009,0,Total,0,Total,5,Hispanic,3,Bronx,726265
2009,0,Total,0,Total,5,Hispanic,4,Kings,502546
2009,0,Total,0,Total,5,Hispanic,5,New York,387678
2009,0,Total,0,Total,5,Hispanic,6,Queens,620205
2009,0,Total,0,Total,5,Hispanic,7,Richmond,78347
2009,0,Total,0,Total,5,Hispanic,8,Rest of State,959344
2009,0,Total,0,Total,5,Hispanic,9,Albany,12456
2009,0,Total,0,Total,5,Hispanic,10,Allegany,635
2009,0,Total,0,Total,5,Hispanic,11,Broome,5326
2009,0,Total,0,Total,5,Hispanic,12,Cattaraugus,1021
2009,0,Total,0,Total,5,Hispanic,13,Cayuga,1882
2009,0,Total,0,Total,5,Hispanic,14,Chautauqua,6982
2009,0,Total,0,Total,5,Hispanic,15,Chemung,2055
2009,0,Total,0,Total,5,Hispanic,16,Chenango,834
2009,0,Total,0,Total,5,Hispanic,17,Clinton,2289
2009,0,Total,0,Total,5,Hispanic,18,Columbia,2080
2009,0,Total,0,Total,5,Hispanic,19,Cortland,901
2009,0,Total,0,Total,5,Hispanic,20,Delaware,1367
2009,0,Total,0,Total,5,Hispanic,21,Dutchess,27924
2009,0,Total,0,Total,5,Hispanic,22,Erie,36186
2009,0,Total,0,Total,5,Hispanic,23,Essex,895
2009,0,Total,0,Total,5,Hispanic,24,Franklin,2095
2009,0,Total,0,Total,5,Hispanic,25,Fulton,1390
2009,0,Total,0,Total,5,Hispanic,26,Genesee,1313
2009,0,Total,0,Total,5,Hispanic,27,Greene,2620
2009,0,Total,0,Total,5,Hispanic,28,Hamilton,69
2009,0,Total,0,Total,5,Hispanic,29,Herkimer,966
2009,0,Total,0,Total,5,Hispanic,30,Jefferson,5755
2009,0,Total,0,Total,5,Hispanic,31,Lewis,300
2009,0,Total,0,Total,5,Hispanic,32,Livingston,1725
2009,0,Total,0,Total,5,Hispanic,33,Madison,1048
2009,0,Total,0,Total,5,Hispanic,34,Monroe,45382
2009,0,Total,0,Total,5,Hispanic,35,Montgomery,4645
2009,0,Total,0,Total,5,Hispanic,36,Nassau,175245
2009,0,Total,0,Total,5,Hispanic,37,Niagara,4034
2009,0,Total,0,Total,5,Hispanic,38,Oneida,9723
2009,0,Total,0,Total,5,Hispanic,39,Onondaga,14268
2009,0,Total,0,Total,5,Hispanic,40,Ontario,3457
2009,0,Total,0,Total,5,Hispanic,41,Orange,65156
2009,0,Total,0,Total,5,Hispanic,42,Orleans,1860
2009,0,Total,0,Total,5,Hispanic,43,Oswego,2077
2009,0,Total,0,Total,5,Hispanic,44,Otsego,1488
2009,0,Total,0,Total,5,Hispanic,45,Putnam,10990
2009,0,Total,0,Total,5,Hispanic,46,Rensselaer,4733
2009,0,Total,0,Total,5,Hispanic,47,Rockland,41434
2009,0,Total,0,Total,5,Hispanic,48,St Lawrence,2208
2009,0,Total,0,Total,5,Hispanic,49,Saratoga,4866
2009,0,Total,0,Total,5,Hispanic,50,Schenectady,7317
2009,0,Total,0,Total,5,Hispanic,51,Schoharie,720
2009,0,Total,0,Total,5,Hispanic,52,Schuyler,289
2009,0,Total,0,Total,5,Hispanic,53,Seneca,1050
2009,0,Total,0,Total,5,Hispanic,54,Steuben,1191
2009,0,Total,0,Total,5,Hispanic,55,Suffolk,212450
2009,0,Total,0,Total,5,Hispanic,56,Sullivan,9389
2009,0,Total,0,Total,5,Hispanic,57,Tioga,748
2009,0,Total,0,Total,5,Hispanic,58,Tompkins,4069
2009,0,Total,0,Total,5,Hispanic,59,Ulster,13892
2009,0,Total,0,Total,5,Hispanic,60,Warren,1147
2009,0,Total,0,Total,5,Hispanic,61,Washington,1519
2009,0,Total,0,Total,5,Hispanic,62,Wayne,2985
2009,0,Total,0,Total,5,Hispanic,63,Westchester,189126
2009,0,Total,0,Total,5,Hispanic,64,Wyoming,1390
2009,0,Total,0,Total,5,Hispanic,65,Yates,382
2010,0,Total,0,Total,5,Hispanic,1,New York State,3416922
2010,0,Total,0,Total,5,Hispanic,2,New York City,2336076
2010,0,Total,0,Total,5,Hispanic,3,Bronx,741413
2010,0,Total,0,Total,5,Hispanic,4,Kings,496285
2010,0,Total,0,Total,5,Hispanic,5,New York,403577
2010,0,Total,0,Total,5,Hispanic,6,Queens,613750
2010,0,Total,0,Total,5,Hispanic,7,Richmond,81051
2010,0,Total,0,Total,5,Hispanic,8,Rest of State,1080846
2010,0,Total,0,Total,5,Hispanic,9,Albany,14917
2010,0,Total,0,Total,5,Hispanic,10,Allegany,670
2010,0,Total,0,Total,5,Hispanic,11,Broome,6778
2010,0,Total,0,Total,5,Hispanic,12,Cattaraugus,1345
2010,0,Total,0,Total,5,Hispanic,13,Cayuga,1896
2010,0,Total,0,Total,5,Hispanic,14,Chautauqua,8241
2010,0,Total,0,Total,5,Hispanic,15,Chemung,2240
2010,0,Total,0,Total,5,Hispanic,16,Chenango,929
2010,0,Total,0,Total,5,Hispanic,17,Clinton,2054
2010,0,Total,0,Total,5,Hispanic,18,Columbia,2454
2010,0,Total,0,Total,5,Hispanic,19,Cortland,1094
2010,0,Total,0,Total,5,Hispanic,20,Delaware,1560
2010,0,Total,0,Total,5,Hispanic,21,Dutchess,31267
2010,0,Total,0,Total,5,Hispanic,22,Erie,41731
2010,0,Total,0,Total,5,Hispanic,23,Essex,993
2010,0,Total,0,Total,5,Hispanic,24,Franklin,1506
2010,0,Total,0,Total,5,Hispanic,25,Fulton,1263
2010,0,Total,0,Total,5,Hispanic,26,Genesee,1616
2010,0,Total,0,Total,5,Hispanic,27,Greene,2419
2010,0,Total,0,Total,5,Hispanic,28,Hamilton,51
2010,0,Total,0,Total,5,Hispanic,29,Herkimer,1040
2010,0,Total,0,Total,5,Hispanic,30,Jefferson,6143
2010,0,Total,0,Total,5,Hispanic,31,Lewis,357
2010,0,Total,0,Total,5,Hispanic,32,Livingston,1802
2010,0,Total,0,Total,5,Hispanic,33,Madison,1316
2010,0,Total,0,Total,5,Hispanic,34,Monroe,54005
2010,0,Total,0,Total,5,Hispanic,35,Montgomery,5654
2010,0,Total,0,Total,5,Hispanic,36,Nassau,195355
2010,0,Total,0,Total,5,Hispanic,37,Niagara,4694
2010,0,Total,0,Total,5,Hispanic,38,Oneida,10819
2010,0,Total,0,Total,5,Hispanic,39,Onondaga,18829
2010,0,Total,0,Total,5,Hispanic,40,Ontario,3679
2010,0,Total,0,Total,5,Hispanic,41,Orange,67185
2010,0,Total,0,Total,5,Hispanic,42,Orleans,1757
2010,0,Total,0,Total,5,Hispanic,43,Oswego,2552
2010,0,Total,0,Total,5,Hispanic,44,Otsego,1921
2010,0,Total,0,Total,5,Hispanic,45,Putnam,11661
2010,0,Total,0,Total,5,Hispanic,46,Rensselaer,6080
2010,0,Total,0,Total,5,Hispanic,47,Rockland,48783
2010,0,Total,0,Total,5,Hispanic,48,St Lawrence,2146
2010,0,Total,0,Total,5,Hispanic,49,Saratoga,5279
2010,0,Total,0,Total,5,Hispanic,50,Schenectady,8827
2010,0,Total,0,Total,5,Hispanic,51,Schoharie,924
2010,0,Total,0,Total,5,Hispanic,52,Schuyler,234
2010,0,Total,0,Total,5,Hispanic,53,Seneca,952
2010,0,Total,0,Total,5,Hispanic,54,Steuben,1371
2010,0,Total,0,Total,5,Hispanic,55,Suffolk,246239
2010,0,Total,0,Total,5,Hispanic,56,Sullivan,10554
2010,0,Total,0,Total,5,Hispanic,57,Tioga,694
2010,0,Total,0,Total,5,Hispanic,58,Tompkins,4264
2010,0,Total,0,Total,5,Hispanic,59,Ulster,15909
2010,0,Total,0,Total,5,Hispanic,60,Warren,1178
2010,0,Total,0,Total,5,Hispanic,61,Washington,1446
2010,0,Total,0,Total,5,Hispanic,62,Wayne,3476
2010,0,Total,0,Total,5,Hispanic,63,Westchester,207032
2010,0,Total,0,Total,5,Hispanic,64,Wyoming,1244
2010,0,Total,0,Total,5,Hispanic,65,Yates,421
2011,0,Total,0,Total,5,Hispanic,1,New York State,3495138
2011,0,Total,0,Total,5,Hispanic,2,New York City,2373305
2011,0,Total,0,Total,5,Hispanic,3,Bronx,748438
2011,0,Total,0,Total,5,Hispanic,4,Kings,506553
2011,0,Total,0,Total,5,Hispanic,5,New York,410681
2011,0,Total,0,Total,5,Hispanic,6,Queens,625016
2011,0,Total,0,Total,5,Hispanic,7,Richmond,82617
2011,0,Total,0,Total,5,Hispanic,8,Rest of State,1121833
2011,0,Total,0,Total,5,Hispanic,9,Albany,15691
2011,0,Total,0,Total,5,Hispanic,10,Allegany,703
2011,0,Total,0,Total,5,Hispanic,11,Broome,6971
2011,0,Total,0,Total,5,Hispanic,12,Cattaraugus,1427
2011,0,Total,0,Total,5,Hispanic,13,Cayuga,2006
2011,0,Total,0,Total,5,Hispanic,14,Chautauqua,8463
2011,0,Total,0,Total,5,Hispanic,15,Chemung,2399
2011,0,Total,0,Total,5,Hispanic,16,Chenango,940
2011,0,Total,0,Total,5,Hispanic,17,Clinton,2125
2011,0,Total,0,Total,5,Hispanic,18,Columbia,2531
2011,0,Total,0,Total,5,Hispanic,19,Cortland,1199
2011,0,Total,0,Total,5,Hispanic,20,Delaware,1601
2011,0,Total,0,Total,5,Hispanic,21,Dutchess,32136
2011,0,Total,0,Total,5,Hispanic,22,Erie,43364
2011,0,Total,0,Total,5,Hispanic,23,Essex,1036
2011,0,Total,0,Total,5,Hispanic,24,Franklin,1572
2011,0,Total,0,Total,5,Hispanic,25,Fulton,1334
2011,0,Total,0,Total,5,Hispanic,26,Genesee,1713
2011,0,Total,0,Total,5,Hispanic,27,Greene,2483
2011,0,Total,0,Total,5,Hispanic,28,Hamilton,58
2011,0,Total,0,Total,5,Hispanic,29,Herkimer,1094
2011,0,Total,0,Total,5,Hispanic,30,Jefferson,7199
2011,0,Total,0,Total,5,Hispanic,31,Lewis,377
2011,0,Total,0,Total,5,Hispanic,32,Livingston,1913
2011,0,Total,0,Total,5,Hispanic,33,Madison,1462
2011,0,Total,0,Total,5,Hispanic,34,Monroe,55805
2011,0,Total,0,Total,5,Hispanic,35,Montgomery,5843
2011,0,Total,0,Total,5,Hispanic,36,Nassau,202022
2011,0,Total,0,Total,5,Hispanic,37,Niagara,5042
2011,0,Total,0,Total,5,Hispanic,38,Oneida,11248
2011,0,Total,0,Total,5,Hispanic,39,Onondaga,19860
2011,0,Total,0,Total,5,Hispanic,40,Ontario,3981
2011,0,Total,0,Total,5,Hispanic,41,Orange,69166
2011,0,Total,0,Total,5,Hispanic,42,Orleans,1814
2011,0,Total,0,Total,5,Hispanic,43,Oswego,2718
2011,0,Total,0,Total,5,Hispanic,44,Otsego,1994
2011,0,Total,0,Total,5,Hispanic,45,Putnam,12002
2011,0,Total,0,Total,5,Hispanic,46,Rensselaer,6499
2011,0,Total,0,Total,5,Hispanic,47,Rockland,50686
2011,0,Total,0,Total,5,Hispanic,48,St Lawrence,2265
2011,0,Total,0,Total,5,Hispanic,49,Saratoga,5742
2011,0,Total,0,Total,5,Hispanic,50,Schenectady,9285
2011,0,Total,0,Total,5,Hispanic,51,Schoharie,946
2011,0,Total,0,Total,5,Hispanic,52,Schuyler,280
2011,0,Total,0,Total,5,Hispanic,53,Seneca,1045
2011,0,Total,0,Total,5,Hispanic,54,Steuben,1516
2011,0,Total,0,Total,5,Hispanic,55,Suffolk,255486
2011,0,Total,0,Total,5,Hispanic,56,Sullivan,10679
2011,0,Total,0,Total,5,Hispanic,57,Tioga,772
2011,0,Total,0,Total,5,Hispanic,58,Tompkins,4664
2011,0,Total,0,Total,5,Hispanic,59,Ulster,16372
2011,0,Total,0,Total,5,Hispanic,60,Warren,1279
2011,0,Total,0,Total,5,Hispanic,61,Washington,1503
2011,0,Total,0,Total,5,Hispanic,62,Wayne,3669
2011,0,Total,0,Total,5,Hispanic,63,Westchester,214087
2011,0,Total,0,Total,5,Hispanic,64,Wyoming,1287
2011,0,Total,0,Total,5,Hispanic,65,Yates,479
2012,0,Total,0,Total,5,Hispanic,1,New York State,3552781
2012,0,Total,0,Total,5,Hispanic,2,New York City,2406889
2012,0,Total,0,Total,5,Hispanic,3,Bronx,764608
2012,0,Total,0,Total,5,Hispanic,4,Kings,507552
2012,0,Total,0,Total,5,Hispanic,5,New York,417471
2012,0,Total,0,Total,5,Hispanic,6,Queens,634077
2012,0,Total,0,Total,5,Hispanic,7,Richmond,83181
2012,0,Total,0,Total,5,Hispanic,8,Rest of State,1145892
2012,0,Total,0,Total,5,Hispanic,9,Albany,16290
2012,0,Total,0,Total,5,Hispanic,10,Allegany,712
2012,0,Total,0,Total,5,Hispanic,11,Broome,7058
2012,0,Total,0,Total,5,Hispanic,12,Cattaraugus,1519
2012,0,Total,0,Total,5,Hispanic,13,Cayuga,1986
2012,0,Total,0,Total,5,Hispanic,14,Chautauqua,8667
2012,0,Total,0,Total,5,Hispanic,15,Chemung,2491
2012,0,Total,0,Total,5,Hispanic,16,Chenango,997
2012,0,Total,0,Total,5,Hispanic,17,Clinton,2101
2012,0,Total,0,Total,5,Hispanic,18,Columbia,2565
2012,0,Total,0,Total,5,Hispanic,19,Cortland,1217
2012,0,Total,0,Total,5,Hispanic,20,Delaware,1566
2012,0,Total,0,Total,5,Hispanic,21,Dutchess,32629
2012,0,Total,0,Total,5,Hispanic,22,Erie,44253
2012,0,Total,0,Total,5,Hispanic,23,Essex,1013
2012,0,Total,0,Total,5,Hispanic,24,Franklin,1665
2012,0,Total,0,Total,5,Hispanic,25,Fulton,1399
2012,0,Total,0,Total,5,Hispanic,26,Genesee,1678
2012,0,Total,0,Total,5,Hispanic,27,Greene,2484
2012,0,Total,0,Total,5,Hispanic,28,Hamilton,55
2012,0,Total,0,Total,5,Hispanic,29,Herkimer,1152
2012,0,Total,0,Total,5,Hispanic,30,Jefferson,8049
2012,0,Total,0,Total,5,Hispanic,31,Lewis,396
2012,0,Total,0,Total,5,Hispanic,32,Livingston,1968
2012,0,Total,0,Total,5,Hispanic,33,Madison,1380
2012,0,Total,0,Total,5,Hispanic,34,Monroe,57150
2012,0,Total,0,Total,5,Hispanic,35,Montgomery,6002
2012,0,Total,0,Total,5,Hispanic,36,Nassau,207002
2012,0,Total,0,Total,5,Hispanic,37,Niagara,5042
2012,0,Total,0,Total,5,Hispanic,38,Oneida,11473
2012,0,Total,0,Total,5,Hispanic,39,Onondaga,20138
2012,0,Total,0,Total,5,Hispanic,40,Ontario,4156
2012,0,Total,0,Total,5,Hispanic,41,Orange,70282
2012,0,Total,0,Total,5,Hispanic,42,Orleans,1867
2012,0,Total,0,Total,5,Hispanic,43,Oswego,2687
2012,0,Total,0,Total,5,Hispanic,44,Otsego,2020
2012,0,Total,0,Total,5,Hispanic,45,Putnam,12115
2012,0,Total,0,Total,5,Hispanic,46,Rensselaer,6627
2012,0,Total,0,Total,5,Hispanic,47,Rockland,51899
2012,0,Total,0,Total,5,Hispanic,48,St Lawrence,2341
2012,0,Total,0,Total,5,Hispanic,49,Saratoga,5996
2012,0,Total,0,Total,5,Hispanic,50,Schenectady,9473
2012,0,Total,0,Total,5,Hispanic,51,Schoharie,944
2012,0,Total,0,Total,5,Hispanic,52,Schuyler,307
2012,0,Total,0,Total,5,Hispanic,53,Seneca,1077
2012,0,Total,0,Total,5,Hispanic,54,Steuben,1470
2012,0,Total,0,Total,5,Hispanic,55,Suffolk,259534
2012,0,Total,0,Total,5,Hispanic,56,Sullivan,10886
2012,0,Total,0,Total,5,Hispanic,57,Tioga,748
2012,0,Total,0,Total,5,Hispanic,58,Tompkins,4676
2012,0,Total,0,Total,5,Hispanic,59,Ulster,16857
2012,0,Total,0,Total,5,Hispanic,60,Warren,1277
2012,0,Total,0,Total,5,Hispanic,61,Washington,1489
2012,0,Total,0,Total,5,Hispanic,62,Wayne,3614
2012,0,Total,0,Total,5,Hispanic,63,Westchester,219719
2012,0,Total,0,Total,5,Hispanic,64,Wyoming,1246
2012,0,Total,0,Total,5,Hispanic,65,Yates,488
2013,0,Total,0,Total,5,Hispanic,1,New York State,3606786
2013,0,Total,0,Total,5,Hispanic,2,New York City,2428759
2013,0,Total,0,Total,5,Hispanic,3,Bronx,774779
2013,0,Total,0,Total,5,Hispanic,4,Kings,507881
2013,0,Total,0,Total,5,Hispanic,5,New York,419399
2013,0,Total,0,Total,5,Hispanic,6,Queens,642259
2013,0,Total,0,Total,5,Hispanic,7,Richmond,84441
2013,0,Total,0,Total,5,Hispanic,8,Rest of State,1178027
2013,0,Total,0,Total,5,Hispanic,9,Albany,16982
2013,0,Total,0,Total,5,Hispanic,10,Allegany,744
2013,0,Total,0,Total,5,Hispanic,11,Broome,7468
2013,0,Total,0,Total,5,Hispanic,12,Cattaraugus,1520
2013,0,Total,0,Total,5,Hispanic,13,Cayuga,2032
2013,0,Total,0,Total,5,Hispanic,14,Chautauqua,9004
2013,0,Total,0,Total,5,Hispanic,15,Chemung,2502
2013,0,Total,0,Total,5,Hispanic,16,Chenango,1018
2013,0,Total,0,Total,5,Hispanic,17,Clinton,2193
2013,0,Total,0,Total,5,Hispanic,18,Columbia,2602
2013,0,Total,0,Total,5,Hispanic,19,Cortland,1243
2013,0,Total,0,Total,5,Hispanic,20,Delaware,1619
2013,0,Total,0,Total,5,Hispanic,21,Dutchess,33464
2013,0,Total,0,Total,5,Hispanic,22,Erie,45356
2013,0,Total,0,Total,5,Hispanic,23,Essex,1092
2013,0,Total,0,Total,5,Hispanic,24,Franklin,1710
2013,0,Total,0,Total,5,Hispanic,25,Fulton,1468
2013,0,Total,0,Total,5,Hispanic,26,Genesee,1737
2013,0,Total,0,Total,5,Hispanic,27,Greene,2525
2013,0,Total,0,Total,5,Hispanic,28,Hamilton,59
2013,0,Total,0,Total,5,Hispanic,29,Herkimer,1275
2013,0,Total,0,Total,5,Hispanic,30,Jefferson,8385
2013,0,Total,0,Total,5,Hispanic,31,Lewis,429
2013,0,Total,0,Total,5,Hispanic,32,Livingston,2087
2013,0,Total,0,Total,5,Hispanic,33,Madison,1422
2013,0,Total,0,Total,5,Hispanic,34,Monroe,59251
2013,0,Total,0,Total,5,Hispanic,35,Montgomery,6176
2013,0,Total,0,Total,5,Hispanic,36,Nassau,212005
2013,0,Total,0,Total,5,Hispanic,37,Niagara,5380
2013,0,Total,0,Total,5,Hispanic,38,Oneida,12020
2013,0,Total,0,Total,5,Hispanic,39,Onondaga,20956
2013,0,Total,0,Total,5,Hispanic,40,Ontario,4481
2013,0,Total,0,Total,5,Hispanic,41,Orange,71941
2013,0,Total,0,Total,5,Hispanic,42,Orleans,1886
2013,0,Total,0,Total,5,Hispanic,43,Oswego,2761
2013,0,Total,0,Total,5,Hispanic,44,Otsego,2121
2013,0,Total,0,Total,5,Hispanic,45,Putnam,12548
2013,0,Total,0,Total,5,Hispanic,46,Rensselaer,6895
2013,0,Total,0,Total,5,Hispanic,47,Rockland,54004
2013,0,Total,0,Total,5,Hispanic,48,St Lawrence,2397
2013,0,Total,0,Total,5,Hispanic,49,Saratoga,6340
2013,0,Total,0,Total,5,Hispanic,50,Schenectady,9981
2013,0,Total,0,Total,5,Hispanic,51,Schoharie,955
2013,0,Total,0,Total,5,Hispanic,52,Schuyler,328
2013,0,Total,0,Total,5,Hispanic,53,Seneca,1140
2013,0,Total,0,Total,5,Hispanic,54,Steuben,1497
2013,0,Total,0,Total,5,Hispanic,55,Suffolk,265513
2013,0,Total,0,Total,5,Hispanic,56,Sullivan,11050
2013,0,Total,0,Total,5,Hispanic,57,Tioga,809
2013,0,Total,0,Total,5,Hispanic,58,Tompkins,4768
2013,0,Total,0,Total,5,Hispanic,59,Ulster,17115
2013,0,Total,0,Total,5,Hispanic,60,Warren,1388
2013,0,Total,0,Total,5,Hispanic,61,Washington,1523
2013,0,Total,0,Total,5,Hispanic,62,Wayne,3651
2013,0,Total,0,Total,5,Hispanic,63,Westchester,225423
2013,0,Total,0,Total,5,Hispanic,64,Wyoming,1280
2013,0,Total,0,Total,5,Hispanic,65,Yates,508
2014,0,Total,0,Total,5,Hispanic,28,Hamilton,66
2014,0,Total,0,Total,5,Hispanic,23,Essex,1193
2014,0,Total,0,Total,5,Hispanic,31,Lewis,468
2014,0,Total,0,Total,5,Hispanic,13,Cayuga,2207
2014,0,Total,0,Total,5,Hispanic,65,Yates,549
2014,0,Total,0,Total,5,Hispanic,20,Delaware,1728
2014,0,Total,0,Total,5,Hispanic,18,Columbia,2770
2014,0,Total,0,Total,5,Hispanic,32,Livingston,2215
2014,0,Total,0,Total,5,Hispanic,40,Ontario,4752
2014,0,Total,0,Total,5,Hispanic,37,Niagara,5646
2014,0,Total,0,Total,5,Hispanic,54,Steuben,1570
2014,0,Total,0,Total,5,Hispanic,49,Saratoga,6629
2014,0,Total,0,Total,5,Hispanic,19,Cortland,1299
2014,0,Total,0,Total,5,Hispanic,16,Chenango,1062
2014,0,Total,0,Total,5,Hispanic,58,Tompkins,4970
2014,0,Total,0,Total,5,Hispanic,27,Greene,2628
2014,0,Total,0,Total,5,Hispanic,42,Orleans,1962
2014,0,Total,0,Total,5,Hispanic,22,Erie,47137
2014,0,Total,0,Total,5,Hispanic,30,Jefferson,8705
2014,0,Total,0,Total,5,Hispanic,9,Albany,17629
2014,0,Total,0,Total,5,Hispanic,57,Tioga,839
2014,0,Total,0,Total,5,Hispanic,17,Clinton,2273
2014,0,Total,0,Total,5,Hispanic,46,Rensselaer,7144
2014,0,Total,0,Total,5,Hispanic,61,Washington,1578
2014,0,Total,0,Total,5,Hispanic,50,Schenectady,10333
2014,0,Total,0,Total,5,Hispanic,64,Wyoming,1325
2014,0,Total,0,Total,5,Hispanic,36,Nassau,219324
2014,0,Total,0,Total,5,Hispanic,26,Genesee,1796
2014,0,Total,0,Total,5,Hispanic,45,Putnam,12974
2014,0,Total,0,Total,5,Hispanic,29,Herkimer,1316
2014,0,Total,0,Total,5,Hispanic,38,Oneida,12404
2014,0,Total,0,Total,5,Hispanic,25,Fulton,1513
2014,0,Total,0,Total,5,Hispanic,55,Suffolk,273623
2014,0,Total,0,Total,5,Hispanic,15,Chemung,2576
2014,0,Total,0,Total,5,Hispanic,33,Madison,1464
2014,0,Total,0,Total,5,Hispanic,59,Ulster,17614
2014,0,Total,0,Total,5,Hispanic,14,Chautauqua,9266
2014,0,Total,0,Total,5,Hispanic,8,Rest of State,1211893
2014,0,Total,0,Total,5,Hispanic,47,Rockland,55498
2014,0,Total,0,Total,5,Hispanic,21,Dutchess,34356
2014,0,Total,0,Total,5,Hispanic,11,Broome,7667
2014,0,Total,0,Total,5,Hispanic,39,Onondaga,21495
2014,0,Total,0,Total,5,Hispanic,56,Sullivan,11329
2014,0,Total,0,Total,5,Hispanic,43,Oswego,2828
2014,0,Total,0,Total,5,Hispanic,60,Warren,1421
2014,0,Total,0,Total,5,Hispanic,34,Monroe,60540
2014,0,Total,0,Total,5,Hispanic,63,Westchester,230248
2014,0,Total,0,Total,5,Hispanic,1,New York State,3672791
2014,0,Total,0,Total,5,Hispanic,3,Bronx,788575
2014,0,Total,0,Total,5,Hispanic,51,Schoharie,972
2014,0,Total,0,Total,5,Hispanic,62,Wayne,3710
2014,0,Total,0,Total,5,Hispanic,41,Orange,73074
2014,0,Total,0,Total,5,Hispanic,35,Montgomery,6267
2014,0,Total,0,Total,5,Hispanic,7,Richmond,85603
2014,0,Total,0,Total,5,Hispanic,2,New York City,2460898
2014,0,Total,0,Total,5,Hispanic,6,Queens,650576
2014,0,Total,0,Total,5,Hispanic,44,Otsego,2147
2014,0,Total,0,Total,5,Hispanic,5,New York,423963
2014,0,Total,0,Total,5,Hispanic,12,Cattaraugus,1534
2014,0,Total,0,Total,5,Hispanic,4,Kings,512181
2014,0,Total,0,Total,5,Hispanic,48,St Lawrence,2406
2014,0,Total,0,Total,5,Hispanic,24,Franklin,1710
2014,0,Total,0,Total,5,Hispanic,10,Allegany,740
2014,0,Total,0,Total,5,Hispanic,52,Schuyler,316
2014,0,Total,0,Total,5,Hispanic,53,Seneca,1088
