Year,Age Group Code,Age Group Description,Gender Code,Gender Description,Race Ethnicity Code,Race/Ethnicity Description,County Code,County,Population Other Non Hispanic
2003,0,Total,0,Total,3,Other Non Hispanic,1,New York State,1337294
2003,0,Total,0,Total,3,Other Non Hispanic,2,New York City,959316
2003,0,Total,0,Total,3,Other Non Hispanic,3,Bronx,50183
2003,0,Total,0,Total,3,Other Non Hispanic,4,Kings,225148
2003,0,Total,0,Total,3,Other Non Hispanic,5,New York,170065
2003,0,Total,0,Total,3,Other Non Hispanic,6,Queens,481353
2003,0,Total,0,Total,3,Other Non Hispanic,7,Richmond,32567
2003,0,Total,0,Total,3,Other Non Hispanic,8,Rest of State,377978
2003,0,Total,0,Total,3,Other Non Hispanic,9,Albany,11952
2003,0,Total,0,Total,3,Other Non Hispanic,10,Allegany,607
2003,0,Total,0,Total,3,Other Non Hispanic,11,Broome,7091
2003,0,Total,0,Total,3,Other Non Hispanic,12,Cattaraugus,2623
2003,0,Total,0,Total,3,Other Non Hispanic,13,Cayuga,642
2003,0,Total,0,Total,3,Other Non Hispanic,14,Chautauqua,1398
2003,0,Total,0,Total,3,Other Non Hispanic,15,Chemung,1188
2003,0,Total,0,Total,3,Other Non Hispanic,16,Chenango,329
2003,0,Total,0,Total,3,Other Non Hispanic,17,Clinton,995
2003,0,Total,0,Total,3,Other Non Hispanic,18,Columbia,853
2003,0,Total,0,Total,3,Other Non Hispanic,19,Cortland,426
2003,0,Total,0,Total,3,Other Non Hispanic,20,Delaware,472
2003,0,Total,0,Total,3,Other Non Hispanic,21,Dutchess,10336
2003,0,Total,0,Total,3,Other Non Hispanic,22,Erie,23316
2003,0,Total,0,Total,3,Other Non Hispanic,23,Essex,323
2003,0,Total,0,Total,3,Other Non Hispanic,24,Franklin,3164
2003,0,Total,0,Total,3,Other Non Hispanic,25,Fulton,542
2003,0,Total,0,Total,3,Other Non Hispanic,26,Genesee,835
2003,0,Total,0,Total,3,Other Non Hispanic,27,Greene,485
2003,0,Total,0,Total,3,Other Non Hispanic,28,Hamilton,15
2003,0,Total,0,Total,3,Other Non Hispanic,29,Herkimer,507
2003,0,Total,0,Total,3,Other Non Hispanic,30,Jefferson,1961
2003,0,Total,0,Total,3,Other Non Hispanic,31,Lewis,137
2003,0,Total,0,Total,3,Other Non Hispanic,32,Livingston,835
2003,0,Total,0,Total,3,Other Non Hispanic,33,Madison,872
2003,0,Total,0,Total,3,Other Non Hispanic,34,Monroe,23872
2003,0,Total,0,Total,3,Other Non Hispanic,35,Montgomery,442
2003,0,Total,0,Total,3,Other Non Hispanic,36,Nassau,85181
2003,0,Total,0,Total,3,Other Non Hispanic,37,Niagara,3975
2003,0,Total,0,Total,3,Other Non Hispanic,38,Oneida,4165
2003,0,Total,0,Total,3,Other Non Hispanic,39,Onondaga,16261
2003,0,Total,0,Total,3,Other Non Hispanic,40,Ontario,1186
2003,0,Total,0,Total,3,Other Non Hispanic,41,Orange,8710
2003,0,Total,0,Total,3,Other Non Hispanic,42,Orleans,379
2003,0,Total,0,Total,3,Other Non Hispanic,43,Oswego,1158
2003,0,Total,0,Total,3,Other Non Hispanic,44,Otsego,636
2003,0,Total,0,Total,3,Other Non Hispanic,45,Putnam,1790
2003,0,Total,0,Total,3,Other Non Hispanic,46,Rensselaer,3785
2003,0,Total,0,Total,3,Other Non Hispanic,47,Rockland,20109
2003,0,Total,0,Total,3,Other Non Hispanic,48,St Lawrence,1957
2003,0,Total,0,Total,3,Other Non Hispanic,49,Saratoga,3763
2003,0,Total,0,Total,3,Other Non Hispanic,50,Schenectady,4719
2003,0,Total,0,Total,3,Other Non Hispanic,51,Schoharie,236
2003,0,Total,0,Total,3,Other Non Hispanic,52,Schuyler,143
2003,0,Total,0,Total,3,Other Non Hispanic,53,Seneca,329
2003,0,Total,0,Total,3,Other Non Hispanic,54,Steuben,1548
2003,0,Total,0,Total,3,Other Non Hispanic,55,Suffolk,51367
2003,0,Total,0,Total,3,Other Non Hispanic,56,Sullivan,1254
2003,0,Total,0,Total,3,Other Non Hispanic,57,Tioga,502
2003,0,Total,0,Total,3,Other Non Hispanic,58,Tompkins,9832
2003,0,Total,0,Total,3,Other Non Hispanic,59,Ulster,3257
2003,0,Total,0,Total,3,Other Non Hispanic,60,Warren,561
2003,0,Total,0,Total,3,Other Non Hispanic,61,Washington,336
2003,0,Total,0,Total,3,Other Non Hispanic,62,Wayne,872
2003,0,Total,0,Total,3,Other Non Hispanic,63,Westchester,53357
2003,0,Total,0,Total,3,Other Non Hispanic,64,Wyoming,300
2003,0,Total,0,Total,3,Other Non Hispanic,65,Yates,92
2004,0,Total,0,Total,3,Other Non Hispanic,1,New York State,1346125
2004,0,Total,0,Total,3,Other Non Hispanic,2,New York City,967009
2004,0,Total,0,Total,3,Other Non Hispanic,3,Bronx,51099
2004,0,Total,0,Total,3,Other Non Hispanic,4,Kings,227452
2004,0,Total,0,Total,3,Other Non Hispanic,5,New York,169096
2004,0,Total,0,Total,3,Other Non Hispanic,6,Queens,485873
2004,0,Total,0,Total,3,Other Non Hispanic,7,Richmond,33489
2004,0,Total,0,Total,3,Other Non Hispanic,8,Rest of State,379116
2004,0,Total,0,Total,3,Other Non Hispanic,9,Albany,11688
2004,0,Total,0,Total,3,Other Non Hispanic,10,Allegany,593
2004,0,Total,0,Total,3,Other Non Hispanic,11,Broome,6887
2004,0,Total,0,Total,3,Other Non Hispanic,12,Cattaraugus,2580
2004,0,Total,0,Total,3,Other Non Hispanic,13,Cayuga,612
2004,0,Total,0,Total,3,Other Non Hispanic,14,Chautauqua,1298
2004,0,Total,0,Total,3,Other Non Hispanic,15,Chemung,1143
2004,0,Total,0,Total,3,Other Non Hispanic,16,Chenango,296
2004,0,Total,0,Total,3,Other Non Hispanic,17,Clinton,949
2004,0,Total,0,Total,3,Other Non Hispanic,18,Columbia,883
2004,0,Total,0,Total,3,Other Non Hispanic,19,Cortland,414
2004,0,Total,0,Total,3,Other Non Hispanic,20,Delaware,473
2004,0,Total,0,Total,3,Other Non Hispanic,21,Dutchess,10226
2004,0,Total,0,Total,3,Other Non Hispanic,22,Erie,22769
2004,0,Total,0,Total,3,Other Non Hispanic,23,Essex,358
2004,0,Total,0,Total,3,Other Non Hispanic,24,Franklin,3164
2004,0,Total,0,Total,3,Other Non Hispanic,25,Fulton,524
2004,0,Total,0,Total,3,Other Non Hispanic,26,Genesee,750
2004,0,Total,0,Total,3,Other Non Hispanic,27,Greene,479
2004,0,Total,0,Total,3,Other Non Hispanic,28,Hamilton,23
2004,0,Total,0,Total,3,Other Non Hispanic,29,Herkimer,525
2004,0,Total,0,Total,3,Other Non Hispanic,30,Jefferson,1867
2004,0,Total,0,Total,3,Other Non Hispanic,31,Lewis,138
2004,0,Total,0,Total,3,Other Non Hispanic,32,Livingston,858
2004,0,Total,0,Total,3,Other Non Hispanic,33,Madison,894
2004,0,Total,0,Total,3,Other Non Hispanic,34,Monroe,23203
2004,0,Total,0,Total,3,Other Non Hispanic,35,Montgomery,518
2004,0,Total,0,Total,3,Other Non Hispanic,36,Nassau,88324
2004,0,Total,0,Total,3,Other Non Hispanic,37,Niagara,3971
2004,0,Total,0,Total,3,Other Non Hispanic,38,Oneida,4041
2004,0,Total,0,Total,3,Other Non Hispanic,39,Onondaga,15934
2004,0,Total,0,Total,3,Other Non Hispanic,40,Ontario,1254
2004,0,Total,0,Total,3,Other Non Hispanic,41,Orange,8851
2004,0,Total,0,Total,3,Other Non Hispanic,42,Orleans,376
2004,0,Total,0,Total,3,Other Non Hispanic,43,Oswego,1239
2004,0,Total,0,Total,3,Other Non Hispanic,44,Otsego,630
2004,0,Total,0,Total,3,Other Non Hispanic,45,Putnam,1983
2004,0,Total,0,Total,3,Other Non Hispanic,46,Rensselaer,3546
2004,0,Total,0,Total,3,Other Non Hispanic,47,Rockland,19717
2004,0,Total,0,Total,3,Other Non Hispanic,48,St Lawrence,1909
2004,0,Total,0,Total,3,Other Non Hispanic,49,Saratoga,3760
2004,0,Total,0,Total,3,Other Non Hispanic,50,Schenectady,5092
2004,0,Total,0,Total,3,Other Non Hispanic,51,Schoharie,247
2004,0,Total,0,Total,3,Other Non Hispanic,52,Schuyler,146
2004,0,Total,0,Total,3,Other Non Hispanic,53,Seneca,360
2004,0,Total,0,Total,3,Other Non Hispanic,54,Steuben,1338
2004,0,Total,0,Total,3,Other Non Hispanic,55,Suffolk,52282
2004,0,Total,0,Total,3,Other Non Hispanic,56,Sullivan,1214
2004,0,Total,0,Total,3,Other Non Hispanic,57,Tioga,452
2004,0,Total,0,Total,3,Other Non Hispanic,58,Tompkins,9674
2004,0,Total,0,Total,3,Other Non Hispanic,59,Ulster,3213
2004,0,Total,0,Total,3,Other Non Hispanic,60,Warren,618
2004,0,Total,0,Total,3,Other Non Hispanic,61,Washington,378
2004,0,Total,0,Total,3,Other Non Hispanic,62,Wayne,862
2004,0,Total,0,Total,3,Other Non Hispanic,63,Westchester,53208
2004,0,Total,0,Total,3,Other Non Hispanic,64,Wyoming,293
2004,0,Total,0,Total,3,Other Non Hispanic,65,Yates,92
2005,0,Total,0,Total,3,Other Non Hispanic,1,New York State,1380661
2005,0,Total,0,Total,3,Other Non Hispanic,2,New York City,988867
2005,0,Total,0,Total,3,Other Non Hispanic,3,Bronx,50788
2005,0,Total,0,Total,3,Other Non Hispanic,4,Kings,232039
2005,0,Total,0,Total,3,Other Non Hispanic,5,New York,177573
2005,0,Total,0,Total,3,Other Non Hispanic,6,Queens,493454
2005,0,Total,0,Total,3,Other Non Hispanic,7,Richmond,35013
2005,0,Total,0,Total,3,Other Non Hispanic,8,Rest of State,391794
2005,0,Total,0,Total,3,Other Non Hispanic,9,Albany,12422
2005,0,Total,0,Total,3,Other Non Hispanic,10,Allegany,628
2005,0,Total,0,Total,3,Other Non Hispanic,11,Broome,7292
2005,0,Total,0,Total,3,Other Non Hispanic,12,Cattaraugus,2618
2005,0,Total,0,Total,3,Other Non Hispanic,13,Cayuga,577
2005,0,Total,0,Total,3,Other Non Hispanic,14,Chautauqua,1256
2005,0,Total,0,Total,3,Other Non Hispanic,15,Chemung,1175
2005,0,Total,0,Total,3,Other Non Hispanic,16,Chenango,297
2005,0,Total,0,Total,3,Other Non Hispanic,17,Clinton,919
2005,0,Total,0,Total,3,Other Non Hispanic,18,Columbia,991
2005,0,Total,0,Total,3,Other Non Hispanic,19,Cortland,394
2005,0,Total,0,Total,3,Other Non Hispanic,20,Delaware,413
2005,0,Total,0,Total,3,Other Non Hispanic,21,Dutchess,10420
2005,0,Total,0,Total,3,Other Non Hispanic,22,Erie,23407
2005,0,Total,0,Total,3,Other Non Hispanic,23,Essex,363
2005,0,Total,0,Total,3,Other Non Hispanic,24,Franklin,3174
2005,0,Total,0,Total,3,Other Non Hispanic,25,Fulton,525
2005,0,Total,0,Total,3,Other Non Hispanic,26,Genesee,737
2005,0,Total,0,Total,3,Other Non Hispanic,27,Greene,485
2005,0,Total,0,Total,3,Other Non Hispanic,28,Hamilton,19
2005,0,Total,0,Total,3,Other Non Hispanic,29,Herkimer,524
2005,0,Total,0,Total,3,Other Non Hispanic,30,Jefferson,2100
2005,0,Total,0,Total,3,Other Non Hispanic,31,Lewis,143
2005,0,Total,0,Total,3,Other Non Hispanic,32,Livingston,815
2005,0,Total,0,Total,3,Other Non Hispanic,33,Madison,899
2005,0,Total,0,Total,3,Other Non Hispanic,34,Monroe,23435
2005,0,Total,0,Total,3,Other Non Hispanic,35,Montgomery,506
2005,0,Total,0,Total,3,Other Non Hispanic,36,Nassau,92245
2005,0,Total,0,Total,3,Other Non Hispanic,37,Niagara,4092
2005,0,Total,0,Total,3,Other Non Hispanic,38,Oneida,4041
2005,0,Total,0,Total,3,Other Non Hispanic,39,Onondaga,16180
2005,0,Total,0,Total,3,Other Non Hispanic,40,Ontario,1230
2005,0,Total,0,Total,3,Other Non Hispanic,41,Orange,9559
2005,0,Total,0,Total,3,Other Non Hispanic,42,Orleans,333
2005,0,Total,0,Total,3,Other Non Hispanic,43,Oswego,1235
2005,0,Total,0,Total,3,Other Non Hispanic,44,Otsego,705
2005,0,Total,0,Total,3,Other Non Hispanic,45,Putnam,2137
2005,0,Total,0,Total,3,Other Non Hispanic,46,Rensselaer,3802
2005,0,Total,0,Total,3,Other Non Hispanic,47,Rockland,19776
2005,0,Total,0,Total,3,Other Non Hispanic,48,St Lawrence,1995
2005,0,Total,0,Total,3,Other Non Hispanic,49,Saratoga,3965
2005,0,Total,0,Total,3,Other Non Hispanic,50,Schenectady,5599
2005,0,Total,0,Total,3,Other Non Hispanic,51,Schoharie,261
2005,0,Total,0,Total,3,Other Non Hispanic,52,Schuyler,153
2005,0,Total,0,Total,3,Other Non Hispanic,53,Seneca,382
2005,0,Total,0,Total,3,Other Non Hispanic,54,Steuben,1349
2005,0,Total,0,Total,3,Other Non Hispanic,55,Suffolk,53661
2005,0,Total,0,Total,3,Other Non Hispanic,56,Sullivan,1260
2005,0,Total,0,Total,3,Other Non Hispanic,57,Tioga,480
2005,0,Total,0,Total,3,Other Non Hispanic,58,Tompkins,10324
2005,0,Total,0,Total,3,Other Non Hispanic,59,Ulster,3424
2005,0,Total,0,Total,3,Other Non Hispanic,60,Warren,583
2005,0,Total,0,Total,3,Other Non Hispanic,61,Washington,339
2005,0,Total,0,Total,3,Other Non Hispanic,62,Wayne,826
2005,0,Total,0,Total,3,Other Non Hispanic,63,Westchester,54952
2005,0,Total,0,Total,3,Other Non Hispanic,64,Wyoming,293
2005,0,Total,0,Total,3,Other Non Hispanic,65,Yates,79
2006,0,Total,0,Total,3,Other Non Hispanic,1,New York State,1424586
2006,0,Total,0,Total,3,Other Non Hispanic,2,New York City,1013659
2006,0,Total,0,Total,3,Other Non Hispanic,3,Bronx,53497
2006,0,Total,0,Total,3,Other Non Hispanic,4,Kings,237831
2006,0,Total,0,Total,3,Other Non Hispanic,5,New York,184638
2006,0,Total,0,Total,3,Other Non Hispanic,6,Queens,500661
2006,0,Total,0,Total,3,Other Non Hispanic,7,Richmond,37032
2006,0,Total,0,Total,3,Other Non Hispanic,8,Rest of State,410927
2006,0,Total,0,Total,3,Other Non Hispanic,9,Albany,13090
2006,0,Total,0,Total,3,Other Non Hispanic,10,Allegany,718
2006,0,Total,0,Total,3,Other Non Hispanic,11,Broome,7310
2006,0,Total,0,Total,3,Other Non Hispanic,12,Cattaraugus,2899
2006,0,Total,0,Total,3,Other Non Hispanic,13,Cayuga,778
2006,0,Total,0,Total,3,Other Non Hispanic,14,Chautauqua,1460
2006,0,Total,0,Total,3,Other Non Hispanic,15,Chemung,1282
2006,0,Total,0,Total,3,Other Non Hispanic,16,Chenango,399
2006,0,Total,0,Total,3,Other Non Hispanic,17,Clinton,1072
2006,0,Total,0,Total,3,Other Non Hispanic,18,Columbia,1086
2006,0,Total,0,Total,3,Other Non Hispanic,19,Cortland,520
2006,0,Total,0,Total,3,Other Non Hispanic,20,Delaware,545
2006,0,Total,0,Total,3,Other Non Hispanic,21,Dutchess,10798
2006,0,Total,0,Total,3,Other Non Hispanic,22,Erie,24120
2006,0,Total,0,Total,3,Other Non Hispanic,23,Essex,450
2006,0,Total,0,Total,3,Other Non Hispanic,24,Franklin,3471
2006,0,Total,0,Total,3,Other Non Hispanic,25,Fulton,614
2006,0,Total,0,Total,3,Other Non Hispanic,26,Genesee,949
2006,0,Total,0,Total,3,Other Non Hispanic,27,Greene,557
2006,0,Total,0,Total,3,Other Non Hispanic,28,Hamilton,29
2006,0,Total,0,Total,3,Other Non Hispanic,29,Herkimer,606
2006,0,Total,0,Total,3,Other Non Hispanic,30,Jefferson,2245
2006,0,Total,0,Total,3,Other Non Hispanic,31,Lewis,182
2006,0,Total,0,Total,3,Other Non Hispanic,32,Livingston,947
2006,0,Total,0,Total,3,Other Non Hispanic,33,Madison,1037
2006,0,Total,0,Total,3,Other Non Hispanic,34,Monroe,24299
2006,0,Total,0,Total,3,Other Non Hispanic,35,Montgomery,523
2006,0,Total,0,Total,3,Other Non Hispanic,36,Nassau,95395
2006,0,Total,0,Total,3,Other Non Hispanic,37,Niagara,4409
2006,0,Total,0,Total,3,Other Non Hispanic,38,Oneida,4228
2006,0,Total,0,Total,3,Other Non Hispanic,39,Onondaga,16662
2006,0,Total,0,Total,3,Other Non Hispanic,40,Ontario,1423
2006,0,Total,0,Total,3,Other Non Hispanic,41,Orange,10404
2006,0,Total,0,Total,3,Other Non Hispanic,42,Orleans,420
2006,0,Total,0,Total,3,Other Non Hispanic,43,Oswego,1372
2006,0,Total,0,Total,3,Other Non Hispanic,44,Otsego,850
2006,0,Total,0,Total,3,Other Non Hispanic,45,Putnam,2291
2006,0,Total,0,Total,3,Other Non Hispanic,46,Rensselaer,4083
2006,0,Total,0,Total,3,Other Non Hispanic,47,Rockland,20177
2006,0,Total,0,Total,3,Other Non Hispanic,48,St Lawrence,2312
2006,0,Total,0,Total,3,Other Non Hispanic,49,Saratoga,4417
2006,0,Total,0,Total,3,Other Non Hispanic,50,Schenectady,6403
2006,0,Total,0,Total,3,Other Non Hispanic,51,Schoharie,259
2006,0,Total,0,Total,3,Other Non Hispanic,52,Schuyler,166
2006,0,Total,0,Total,3,Other Non Hispanic,53,Seneca,450
2006,0,Total,0,Total,3,Other Non Hispanic,54,Steuben,1503
2006,0,Total,0,Total,3,Other Non Hispanic,55,Suffolk,55798
2006,0,Total,0,Total,3,Other Non Hispanic,56,Sullivan,1448
2006,0,Total,0,Total,3,Other Non Hispanic,57,Tioga,544
2006,0,Total,0,Total,3,Other Non Hispanic,58,Tompkins,10842
2006,0,Total,0,Total,3,Other Non Hispanic,59,Ulster,3809
2006,0,Total,0,Total,3,Other Non Hispanic,60,Warren,716
2006,0,Total,0,Total,3,Other Non Hispanic,61,Washington,410
2006,0,Total,0,Total,3,Other Non Hispanic,62,Wayne,915
2006,0,Total,0,Total,3,Other Non Hispanic,63,Westchester,56765
2006,0,Total,0,Total,3,Other Non Hispanic,64,Wyoming,351
2006,0,Total,0,Total,3,Other Non Hispanic,65,Yates,119
2007,0,Total,0,Total,3,Other Non Hispanic,1,New York State,1440057
2007,0,Total,0,Total,3,Other Non Hispanic,2,New York City,1030857
2007,0,Total,0,Total,3,Other Non Hispanic,3,Bronx,54166
2007,0,Total,0,Total,3,Other Non Hispanic,4,Kings,240294
2007,0,Total,0,Total,3,Other Non Hispanic,5,New York,185838
2007,0,Total,0,Total,3,Other Non Hispanic,6,Queens,513598
2007,0,Total,0,Total,3,Other Non Hispanic,7,Richmond,36961
2007,0,Total,0,Total,3,Other Non Hispanic,8,Rest of State,409200
2007,0,Total,0,Total,3,Other Non Hispanic,9,Albany,12835
2007,0,Total,0,Total,3,Other Non Hispanic,10,Allegany,710
2007,0,Total,0,Total,3,Other Non Hispanic,11,Broome,7384
2007,0,Total,0,Total,3,Other Non Hispanic,12,Cattaraugus,2864
2007,0,Total,0,Total,3,Other Non Hispanic,13,Cayuga,742
2007,0,Total,0,Total,3,Other Non Hispanic,14,Chautauqua,1443
2007,0,Total,0,Total,3,Other Non Hispanic,15,Chemung,1290
2007,0,Total,0,Total,3,Other Non Hispanic,16,Chenango,404
2007,0,Total,0,Total,3,Other Non Hispanic,17,Clinton,1080
2007,0,Total,0,Total,3,Other Non Hispanic,18,Columbia,1111
2007,0,Total,0,Total,3,Other Non Hispanic,19,Cortland,509
2007,0,Total,0,Total,3,Other Non Hispanic,20,Delaware,570
2007,0,Total,0,Total,3,Other Non Hispanic,21,Dutchess,10635
2007,0,Total,0,Total,3,Other Non Hispanic,22,Erie,24219
2007,0,Total,0,Total,3,Other Non Hispanic,23,Essex,423
2007,0,Total,0,Total,3,Other Non Hispanic,24,Franklin,3547
2007,0,Total,0,Total,3,Other Non Hispanic,25,Fulton,622
2007,0,Total,0,Total,3,Other Non Hispanic,26,Genesee,934
2007,0,Total,0,Total,3,Other Non Hispanic,27,Greene,532
2007,0,Total,0,Total,3,Other Non Hispanic,28,Hamilton,26
2007,0,Total,0,Total,3,Other Non Hispanic,29,Herkimer,647
2007,0,Total,0,Total,3,Other Non Hispanic,30,Jefferson,2367
2007,0,Total,0,Total,3,Other Non Hispanic,31,Lewis,187
2007,0,Total,0,Total,3,Other Non Hispanic,32,Livingston,884
2007,0,Total,0,Total,3,Other Non Hispanic,33,Madison,992
2007,0,Total,0,Total,3,Other Non Hispanic,34,Monroe,23912
2007,0,Total,0,Total,3,Other Non Hispanic,35,Montgomery,511
2007,0,Total,0,Total,3,Other Non Hispanic,36,Nassau,93925
2007,0,Total,0,Total,3,Other Non Hispanic,37,Niagara,4437
2007,0,Total,0,Total,3,Other Non Hispanic,38,Oneida,4210
2007,0,Total,0,Total,3,Other Non Hispanic,39,Onondaga,16709
2007,0,Total,0,Total,3,Other Non Hispanic,40,Ontario,1325
2007,0,Total,0,Total,3,Other Non Hispanic,41,Orange,10481
2007,0,Total,0,Total,3,Other Non Hispanic,42,Orleans,394
2007,0,Total,0,Total,3,Other Non Hispanic,43,Oswego,1297
2007,0,Total,0,Total,3,Other Non Hispanic,44,Otsego,854
2007,0,Total,0,Total,3,Other Non Hispanic,45,Putnam,2227
2007,0,Total,0,Total,3,Other Non Hispanic,46,Rensselaer,4287
2007,0,Total,0,Total,3,Other Non Hispanic,47,Rockland,19770
2007,0,Total,0,Total,3,Other Non Hispanic,48,St Lawrence,2182
2007,0,Total,0,Total,3,Other Non Hispanic,49,Saratoga,4209
2007,0,Total,0,Total,3,Other Non Hispanic,50,Schenectady,6562
2007,0,Total,0,Total,3,Other Non Hispanic,51,Schoharie,294
2007,0,Total,0,Total,3,Other Non Hispanic,52,Schuyler,177
2007,0,Total,0,Total,3,Other Non Hispanic,53,Seneca,467
2007,0,Total,0,Total,3,Other Non Hispanic,54,Steuben,1429
2007,0,Total,0,Total,3,Other Non Hispanic,55,Suffolk,55124
2007,0,Total,0,Total,3,Other Non Hispanic,56,Sullivan,1466
2007,0,Total,0,Total,3,Other Non Hispanic,57,Tioga,570
2007,0,Total,0,Total,3,Other Non Hispanic,58,Tompkins,10880
2007,0,Total,0,Total,3,Other Non Hispanic,59,Ulster,3744
2007,0,Total,0,Total,3,Other Non Hispanic,60,Warren,700
2007,0,Total,0,Total,3,Other Non Hispanic,61,Washington,438
2007,0,Total,0,Total,3,Other Non Hispanic,62,Wayne,852
2007,0,Total,0,Total,3,Other Non Hispanic,63,Westchester,58354
2007,0,Total,0,Total,3,Other Non Hispanic,64,Wyoming,324
2007,0,Total,0,Total,3,Other Non Hispanic,65,Yates,132
2008,0,Total,0,Total,3,Other Non Hispanic,1,New York State,1474667
2008,0,Total,0,Total,3,Other Non Hispanic,2,New York City,1054954
2008,0,Total,0,Total,3,Other Non Hispanic,3,Bronx,55428
2008,0,Total,0,Total,3,Other Non Hispanic,4,Kings,247645
2008,0,Total,0,Total,3,Other Non Hispanic,5,New York,188580
2008,0,Total,0,Total,3,Other Non Hispanic,6,Queens,525253
2008,0,Total,0,Total,3,Other Non Hispanic,7,Richmond,38048
2008,0,Total,0,Total,3,Other Non Hispanic,8,Rest of State,419713
2008,0,Total,0,Total,3,Other Non Hispanic,9,Albany,13004
2008,0,Total,0,Total,3,Other Non Hispanic,10,Allegany,680
2008,0,Total,0,Total,3,Other Non Hispanic,11,Broome,7398
2008,0,Total,0,Total,3,Other Non Hispanic,12,Cattaraugus,3053
2008,0,Total,0,Total,3,Other Non Hispanic,13,Cayuga,744
2008,0,Total,0,Total,3,Other Non Hispanic,14,Chautauqua,1431
2008,0,Total,0,Total,3,Other Non Hispanic,15,Chemung,1288
2008,0,Total,0,Total,3,Other Non Hispanic,16,Chenango,385
2008,0,Total,0,Total,3,Other Non Hispanic,17,Clinton,1072
2008,0,Total,0,Total,3,Other Non Hispanic,18,Columbia,1135
2008,0,Total,0,Total,3,Other Non Hispanic,19,Cortland,521
2008,0,Total,0,Total,3,Other Non Hispanic,20,Delaware,562
2008,0,Total,0,Total,3,Other Non Hispanic,21,Dutchess,10683
2008,0,Total,0,Total,3,Other Non Hispanic,22,Erie,24407
2008,0,Total,0,Total,3,Other Non Hispanic,23,Essex,411
2008,0,Total,0,Total,3,Other Non Hispanic,24,Franklin,3649
2008,0,Total,0,Total,3,Other Non Hispanic,25,Fulton,643
2008,0,Total,0,Total,3,Other Non Hispanic,26,Genesee,934
2008,0,Total,0,Total,3,Other Non Hispanic,27,Greene,549
2008,0,Total,0,Total,3,Other Non Hispanic,28,Hamilton,25
2008,0,Total,0,Total,3,Other Non Hispanic,29,Herkimer,649
2008,0,Total,0,Total,3,Other Non Hispanic,30,Jefferson,2444
2008,0,Total,0,Total,3,Other Non Hispanic,31,Lewis,159
2008,0,Total,0,Total,3,Other Non Hispanic,32,Livingston,926
2008,0,Total,0,Total,3,Other Non Hispanic,33,Madison,996
2008,0,Total,0,Total,3,Other Non Hispanic,34,Monroe,23882
2008,0,Total,0,Total,3,Other Non Hispanic,35,Montgomery,488
2008,0,Total,0,Total,3,Other Non Hispanic,36,Nassau,99541
2008,0,Total,0,Total,3,Other Non Hispanic,37,Niagara,4614
2008,0,Total,0,Total,3,Other Non Hispanic,38,Oneida,4270
2008,0,Total,0,Total,3,Other Non Hispanic,39,Onondaga,16649
2008,0,Total,0,Total,3,Other Non Hispanic,40,Ontario,1382
2008,0,Total,0,Total,3,Other Non Hispanic,41,Orange,10616
2008,0,Total,0,Total,3,Other Non Hispanic,42,Orleans,397
2008,0,Total,0,Total,3,Other Non Hispanic,43,Oswego,1316
2008,0,Total,0,Total,3,Other Non Hispanic,44,Otsego,848
2008,0,Total,0,Total,3,Other Non Hispanic,45,Putnam,2265
2008,0,Total,0,Total,3,Other Non Hispanic,46,Rensselaer,4213
2008,0,Total,0,Total,3,Other Non Hispanic,47,Rockland,20015
2008,0,Total,0,Total,3,Other Non Hispanic,48,St Lawrence,2221
2008,0,Total,0,Total,3,Other Non Hispanic,49,Saratoga,4340
2008,0,Total,0,Total,3,Other Non Hispanic,50,Schenectady,6815
2008,0,Total,0,Total,3,Other Non Hispanic,51,Schoharie,299
2008,0,Total,0,Total,3,Other Non Hispanic,52,Schuyler,156
2008,0,Total,0,Total,3,Other Non Hispanic,53,Seneca,436
2008,0,Total,0,Total,3,Other Non Hispanic,54,Steuben,1391
2008,0,Total,0,Total,3,Other Non Hispanic,55,Suffolk,57568
2008,0,Total,0,Total,3,Other Non Hispanic,56,Sullivan,1450
2008,0,Total,0,Total,3,Other Non Hispanic,57,Tioga,540
2008,0,Total,0,Total,3,Other Non Hispanic,58,Tompkins,10840
2008,0,Total,0,Total,3,Other Non Hispanic,59,Ulster,3765
2008,0,Total,0,Total,3,Other Non Hispanic,60,Warren,744
2008,0,Total,0,Total,3,Other Non Hispanic,61,Washington,432
2008,0,Total,0,Total,3,Other Non Hispanic,62,Wayne,865
2008,0,Total,0,Total,3,Other Non Hispanic,63,Westchester,59158
2008,0,Total,0,Total,3,Other Non Hispanic,64,Wyoming,319
2008,0,Total,0,Total,3,Other Non Hispanic,65,Yates,130
2009,0,Total,0,Total,3,Other Non Hispanic,1,New York State,1491528
2009,0,Total,0,Total,3,Other Non Hispanic,2,New York City,1065795
2009,0,Total,0,Total,3,Other Non Hispanic,3,Bronx,55828
2009,0,Total,0,Total,3,Other Non Hispanic,4,Kings,254822
2009,0,Total,0,Total,3,Other Non Hispanic,5,New York,182772
2009,0,Total,0,Total,3,Other Non Hispanic,6,Queens,533993
2009,0,Total,0,Total,3,Other Non Hispanic,7,Richmond,38380
2009,0,Total,0,Total,3,Other Non Hispanic,8,Rest of State,425733
2009,0,Total,0,Total,3,Other Non Hispanic,9,Albany,13317
2009,0,Total,0,Total,3,Other Non Hispanic,10,Allegany,681
2009,0,Total,0,Total,3,Other Non Hispanic,11,Broome,7142
2009,0,Total,0,Total,3,Other Non Hispanic,12,Cattaraugus,3002
2009,0,Total,0,Total,3,Other Non Hispanic,13,Cayuga,763
2009,0,Total,0,Total,3,Other Non Hispanic,14,Chautauqua,1460
2009,0,Total,0,Total,3,Other Non Hispanic,15,Chemung,1241
2009,0,Total,0,Total,3,Other Non Hispanic,16,Chenango,384
2009,0,Total,0,Total,3,Other Non Hispanic,17,Clinton,1011
2009,0,Total,0,Total,3,Other Non Hispanic,18,Columbia,1095
2009,0,Total,0,Total,3,Other Non Hispanic,19,Cortland,483
2009,0,Total,0,Total,3,Other Non Hispanic,20,Delaware,536
2009,0,Total,0,Total,3,Other Non Hispanic,21,Dutchess,10907
2009,0,Total,0,Total,3,Other Non Hispanic,22,Erie,24433
2009,0,Total,0,Total,3,Other Non Hispanic,23,Essex,377
2009,0,Total,0,Total,3,Other Non Hispanic,24,Franklin,3677
2009,0,Total,0,Total,3,Other Non Hispanic,25,Fulton,604
2009,0,Total,0,Total,3,Other Non Hispanic,26,Genesee,943
2009,0,Total,0,Total,3,Other Non Hispanic,27,Greene,508
2009,0,Total,0,Total,3,Other Non Hispanic,28,Hamilton,27
2009,0,Total,0,Total,3,Other Non Hispanic,29,Herkimer,607
2009,0,Total,0,Total,3,Other Non Hispanic,30,Jefferson,2333
2009,0,Total,0,Total,3,Other Non Hispanic,31,Lewis,166
2009,0,Total,0,Total,3,Other Non Hispanic,32,Livingston,901
2009,0,Total,0,Total,3,Other Non Hispanic,33,Madison,989
2009,0,Total,0,Total,3,Other Non Hispanic,34,Monroe,24025
2009,0,Total,0,Total,3,Other Non Hispanic,35,Montgomery,471
2009,0,Total,0,Total,3,Other Non Hispanic,36,Nassau,102693
2009,0,Total,0,Total,3,Other Non Hispanic,37,Niagara,4715
2009,0,Total,0,Total,3,Other Non Hispanic,38,Oneida,4302
2009,0,Total,0,Total,3,Other Non Hispanic,39,Onondaga,16771
2009,0,Total,0,Total,3,Other Non Hispanic,40,Ontario,1535
2009,0,Total,0,Total,3,Other Non Hispanic,41,Orange,11015
2009,0,Total,0,Total,3,Other Non Hispanic,42,Orleans,407
2009,0,Total,0,Total,3,Other Non Hispanic,43,Oswego,1363
2009,0,Total,0,Total,3,Other Non Hispanic,44,Otsego,820
2009,0,Total,0,Total,3,Other Non Hispanic,45,Putnam,2362
2009,0,Total,0,Total,3,Other Non Hispanic,46,Rensselaer,4021
2009,0,Total,0,Total,3,Other Non Hispanic,47,Rockland,20033
2009,0,Total,0,Total,3,Other Non Hispanic,48,St Lawrence,2186
2009,0,Total,0,Total,3,Other Non Hispanic,49,Saratoga,4544
2009,0,Total,0,Total,3,Other Non Hispanic,50,Schenectady,6886
2009,0,Total,0,Total,3,Other Non Hispanic,51,Schoharie,289
2009,0,Total,0,Total,3,Other Non Hispanic,52,Schuyler,154
2009,0,Total,0,Total,3,Other Non Hispanic,53,Seneca,449
2009,0,Total,0,Total,3,Other Non Hispanic,54,Steuben,1482
2009,0,Total,0,Total,3,Other Non Hispanic,55,Suffolk,58527
2009,0,Total,0,Total,3,Other Non Hispanic,56,Sullivan,1521
2009,0,Total,0,Total,3,Other Non Hispanic,57,Tioga,494
2009,0,Total,0,Total,3,Other Non Hispanic,58,Tompkins,10180
2009,0,Total,0,Total,3,Other Non Hispanic,59,Ulster,3748
2009,0,Total,0,Total,3,Other Non Hispanic,60,Warren,710
2009,0,Total,0,Total,3,Other Non Hispanic,61,Washington,421
2009,0,Total,0,Total,3,Other Non Hispanic,62,Wayne,898
2009,0,Total,0,Total,3,Other Non Hispanic,63,Westchester,60673
2009,0,Total,0,Total,3,Other Non Hispanic,64,Wyoming,319
2009,0,Total,0,Total,3,Other Non Hispanic,65,Yates,132
2010,0,Total,0,Total,3,Other Non Hispanic,1,New York State,1572211
2010,0,Total,0,Total,3,Other Non Hispanic,2,New York City,1121809
2010,0,Total,0,Total,3,Other Non Hispanic,3,Bronx,57594
2010,0,Total,0,Total,3,Other Non Hispanic,4,Kings,277873
2010,0,Total,0,Total,3,Other Non Hispanic,5,New York,188987
2010,0,Total,0,Total,3,Other Non Hispanic,6,Queens,560063
2010,0,Total,0,Total,3,Other Non Hispanic,7,Richmond,37292
2010,0,Total,0,Total,3,Other Non Hispanic,8,Rest of State,450402
2010,0,Total,0,Total,3,Other Non Hispanic,9,Albany,15924
2010,0,Total,0,Total,3,Other Non Hispanic,10,Allegany,606
2010,0,Total,0,Total,3,Other Non Hispanic,11,Broome,7917
2010,0,Total,0,Total,3,Other Non Hispanic,12,Cattaraugus,3163
2010,0,Total,0,Total,3,Other Non Hispanic,13,Cayuga,747
2010,0,Total,0,Total,3,Other Non Hispanic,14,Chautauqua,1450
2010,0,Total,0,Total,3,Other Non Hispanic,15,Chemung,1388
2010,0,Total,0,Total,3,Other Non Hispanic,16,Chenango,398
2010,0,Total,0,Total,3,Other Non Hispanic,17,Clinton,1290
2010,0,Total,0,Total,3,Other Non Hispanic,18,Columbia,1186
2010,0,Total,0,Total,3,Other Non Hispanic,19,Cortland,608
2010,0,Total,0,Total,3,Other Non Hispanic,20,Delaware,506
2010,0,Total,0,Total,3,Other Non Hispanic,21,Dutchess,11647
2010,0,Total,0,Total,3,Other Non Hispanic,22,Erie,31110
2010,0,Total,0,Total,3,Other Non Hispanic,23,Essex,403
2010,0,Total,0,Total,3,Other Non Hispanic,24,Franklin,4165
2010,0,Total,0,Total,3,Other Non Hispanic,25,Fulton,466
2010,0,Total,0,Total,3,Other Non Hispanic,26,Genesee,1114
2010,0,Total,0,Total,3,Other Non Hispanic,27,Greene,578
2010,0,Total,0,Total,3,Other Non Hispanic,28,Hamilton,39
2010,0,Total,0,Total,3,Other Non Hispanic,29,Herkimer,499
2010,0,Total,0,Total,3,Other Non Hispanic,30,Jefferson,2593
2010,0,Total,0,Total,3,Other Non Hispanic,31,Lewis,139
2010,0,Total,0,Total,3,Other Non Hispanic,32,Livingston,1072
2010,0,Total,0,Total,3,Other Non Hispanic,33,Madison,1149
2010,0,Total,0,Total,3,Other Non Hispanic,34,Monroe,27808
2010,0,Total,0,Total,3,Other Non Hispanic,35,Montgomery,488
2010,0,Total,0,Total,3,Other Non Hispanic,36,Nassau,109840
2010,0,Total,0,Total,3,Other Non Hispanic,37,Niagara,4592
2010,0,Total,0,Total,3,Other Non Hispanic,38,Oneida,7503
2010,0,Total,0,Total,3,Other Non Hispanic,39,Onondaga,19282
2010,0,Total,0,Total,3,Other Non Hispanic,40,Ontario,1566
2010,0,Total,0,Total,3,Other Non Hispanic,41,Orange,10720
2010,0,Total,0,Total,3,Other Non Hispanic,42,Orleans,442
2010,0,Total,0,Total,3,Other Non Hispanic,43,Oswego,1365
2010,0,Total,0,Total,3,Other Non Hispanic,44,Otsego,866
2010,0,Total,0,Total,3,Other Non Hispanic,45,Putnam,2218
2010,0,Total,0,Total,3,Other Non Hispanic,46,Rensselaer,4114
2010,0,Total,0,Total,3,Other Non Hispanic,47,Rockland,20875
2010,0,Total,0,Total,3,Other Non Hispanic,48,St Lawrence,2400
2010,0,Total,0,Total,3,Other Non Hispanic,49,Saratoga,4718
2010,0,Total,0,Total,3,Other Non Hispanic,50,Schenectady,6974
2010,0,Total,0,Total,3,Other Non Hispanic,51,Schoharie,303
2010,0,Total,0,Total,3,Other Non Hispanic,52,Schuyler,107
2010,0,Total,0,Total,3,Other Non Hispanic,53,Seneca,360
2010,0,Total,0,Total,3,Other Non Hispanic,54,Steuben,1479
2010,0,Total,0,Total,3,Other Non Hispanic,55,Suffolk,58047
2010,0,Total,0,Total,3,Other Non Hispanic,56,Sullivan,1433
2010,0,Total,0,Total,3,Other Non Hispanic,57,Tioga,496
2010,0,Total,0,Total,3,Other Non Hispanic,58,Tompkins,9458
2010,0,Total,0,Total,3,Other Non Hispanic,59,Ulster,3938
2010,0,Total,0,Total,3,Other Non Hispanic,60,Warren,629
2010,0,Total,0,Total,3,Other Non Hispanic,61,Washington,409
2010,0,Total,0,Total,3,Other Non Hispanic,62,Wayne,850
2010,0,Total,0,Total,3,Other Non Hispanic,63,Westchester,56547
2010,0,Total,0,Total,3,Other Non Hispanic,64,Wyoming,279
2010,0,Total,0,Total,3,Other Non Hispanic,65,Yates,139
2011,0,Total,0,Total,3,Other Non Hispanic,1,New York State,1608926
2011,0,Total,0,Total,3,Other Non Hispanic,2,New York City,1141892
2011,0,Total,0,Total,3,Other Non Hispanic,3,Bronx,58360
2011,0,Total,0,Total,3,Other Non Hispanic,4,Kings,287132
2011,0,Total,0,Total,3,Other Non Hispanic,5,New York,192224
2011,0,Total,0,Total,3,Other Non Hispanic,6,Queens,566153
2011,0,Total,0,Total,3,Other Non Hispanic,7,Richmond,38023
2011,0,Total,0,Total,3,Other Non Hispanic,8,Rest of State,467034
2011,0,Total,0,Total,3,Other Non Hispanic,9,Albany,16665
2011,0,Total,0,Total,3,Other Non Hispanic,10,Allegany,663
2011,0,Total,0,Total,3,Other Non Hispanic,11,Broome,8038
2011,0,Total,0,Total,3,Other Non Hispanic,12,Cattaraugus,3202
2011,0,Total,0,Total,3,Other Non Hispanic,13,Cayuga,838
2011,0,Total,0,Total,3,Other Non Hispanic,14,Chautauqua,1547
2011,0,Total,0,Total,3,Other Non Hispanic,15,Chemung,1531
2011,0,Total,0,Total,3,Other Non Hispanic,16,Chenango,448
2011,0,Total,0,Total,3,Other Non Hispanic,17,Clinton,1368
2011,0,Total,0,Total,3,Other Non Hispanic,18,Columbia,1284
2011,0,Total,0,Total,3,Other Non Hispanic,19,Cortland,687
2011,0,Total,0,Total,3,Other Non Hispanic,20,Delaware,568
2011,0,Total,0,Total,3,Other Non Hispanic,21,Dutchess,12126
2011,0,Total,0,Total,3,Other Non Hispanic,22,Erie,31660
2011,0,Total,0,Total,3,Other Non Hispanic,23,Essex,433
2011,0,Total,0,Total,3,Other Non Hispanic,24,Franklin,4133
2011,0,Total,0,Total,3,Other Non Hispanic,25,Fulton,510
2011,0,Total,0,Total,3,Other Non Hispanic,26,Genesee,1180
2011,0,Total,0,Total,3,Other Non Hispanic,27,Greene,652
2011,0,Total,0,Total,3,Other Non Hispanic,28,Hamilton,39
2011,0,Total,0,Total,3,Other Non Hispanic,29,Herkimer,571
2011,0,Total,0,Total,3,Other Non Hispanic,30,Jefferson,2849
2011,0,Total,0,Total,3,Other Non Hispanic,31,Lewis,159
2011,0,Total,0,Total,3,Other Non Hispanic,32,Livingston,1145
2011,0,Total,0,Total,3,Other Non Hispanic,33,Madison,1225
2011,0,Total,0,Total,3,Other Non Hispanic,34,Monroe,28402
2011,0,Total,0,Total,3,Other Non Hispanic,35,Montgomery,548
2011,0,Total,0,Total,3,Other Non Hispanic,36,Nassau,113447
2011,0,Total,0,Total,3,Other Non Hispanic,37,Niagara,4822
2011,0,Total,0,Total,3,Other Non Hispanic,38,Oneida,7802
2011,0,Total,0,Total,3,Other Non Hispanic,39,Onondaga,19620
2011,0,Total,0,Total,3,Other Non Hispanic,40,Ontario,1691
2011,0,Total,0,Total,3,Other Non Hispanic,41,Orange,11242
2011,0,Total,0,Total,3,Other Non Hispanic,42,Orleans,491
2011,0,Total,0,Total,3,Other Non Hispanic,43,Oswego,1455
2011,0,Total,0,Total,3,Other Non Hispanic,44,Otsego,925
2011,0,Total,0,Total,3,Other Non Hispanic,45,Putnam,2389
2011,0,Total,0,Total,3,Other Non Hispanic,46,Rensselaer,4374
2011,0,Total,0,Total,3,Other Non Hispanic,47,Rockland,21502
2011,0,Total,0,Total,3,Other Non Hispanic,48,St Lawrence,2412
2011,0,Total,0,Total,3,Other Non Hispanic,49,Saratoga,5138
2011,0,Total,0,Total,3,Other Non Hispanic,50,Schenectady,7319
2011,0,Total,0,Total,3,Other Non Hispanic,51,Schoharie,316
2011,0,Total,0,Total,3,Other Non Hispanic,52,Schuyler,123
2011,0,Total,0,Total,3,Other Non Hispanic,53,Seneca,393
2011,0,Total,0,Total,3,Other Non Hispanic,54,Steuben,1604
2011,0,Total,0,Total,3,Other Non Hispanic,55,Suffolk,59823
2011,0,Total,0,Total,3,Other Non Hispanic,56,Sullivan,1540
2011,0,Total,0,Total,3,Other Non Hispanic,57,Tioga,549
2011,0,Total,0,Total,3,Other Non Hispanic,58,Tompkins,10589
2011,0,Total,0,Total,3,Other Non Hispanic,59,Ulster,4108
2011,0,Total,0,Total,3,Other Non Hispanic,60,Warren,685
2011,0,Total,0,Total,3,Other Non Hispanic,61,Washington,502
2011,0,Total,0,Total,3,Other Non Hispanic,62,Wayne,947
2011,0,Total,0,Total,3,Other Non Hispanic,63,Westchester,58268
2011,0,Total,0,Total,3,Other Non Hispanic,64,Wyoming,327
2011,0,Total,0,Total,3,Other Non Hispanic,65,Yates,160
2012,0,Total,0,Total,3,Other Non Hispanic,1,New York State,1658459
2012,0,Total,0,Total,3,Other Non Hispanic,2,New York City,1179927
2012,0,Total,0,Total,3,Other Non Hispanic,3,Bronx,59095
2012,0,Total,0,Total,3,Other Non Hispanic,4,Kings,300300
2012,0,Total,0,Total,3,Other Non Hispanic,5,New York,198425
2012,0,Total,0,Total,3,Other Non Hispanic,6,Queens,583759
2012,0,Total,0,Total,3,Other Non Hispanic,7,Richmond,38348
2012,0,Total,0,Total,3,Other Non Hispanic,8,Rest of State,478532
2012,0,Total,0,Total,3,Other Non Hispanic,9,Albany,17313
2012,0,Total,0,Total,3,Other Non Hispanic,10,Allegany,649
2012,0,Total,0,Total,3,Other Non Hispanic,11,Broome,7976
2012,0,Total,0,Total,3,Other Non Hispanic,12,Cattaraugus,3184
2012,0,Total,0,Total,3,Other Non Hispanic,13,Cayuga,836
2012,0,Total,0,Total,3,Other Non Hispanic,14,Chautauqua,1565
2012,0,Total,0,Total,3,Other Non Hispanic,15,Chemung,1508
2012,0,Total,0,Total,3,Other Non Hispanic,16,Chenango,443
2012,0,Total,0,Total,3,Other Non Hispanic,17,Clinton,1373
2012,0,Total,0,Total,3,Other Non Hispanic,18,Columbia,1356
2012,0,Total,0,Total,3,Other Non Hispanic,19,Cortland,676
2012,0,Total,0,Total,3,Other Non Hispanic,20,Delaware,548
2012,0,Total,0,Total,3,Other Non Hispanic,21,Dutchess,12253
2012,0,Total,0,Total,3,Other Non Hispanic,22,Erie,32879
2012,0,Total,0,Total,3,Other Non Hispanic,23,Essex,447
2012,0,Total,0,Total,3,Other Non Hispanic,24,Franklin,4249
2012,0,Total,0,Total,3,Other Non Hispanic,25,Fulton,501
2012,0,Total,0,Total,3,Other Non Hispanic,26,Genesee,1184
2012,0,Total,0,Total,3,Other Non Hispanic,27,Greene,659
2012,0,Total,0,Total,3,Other Non Hispanic,28,Hamilton,39
2012,0,Total,0,Total,3,Other Non Hispanic,29,Herkimer,517
2012,0,Total,0,Total,3,Other Non Hispanic,30,Jefferson,2953
2012,0,Total,0,Total,3,Other Non Hispanic,31,Lewis,154
2012,0,Total,0,Total,3,Other Non Hispanic,32,Livingston,1092
2012,0,Total,0,Total,3,Other Non Hispanic,33,Madison,1197
2012,0,Total,0,Total,3,Other Non Hispanic,34,Monroe,28808
2012,0,Total,0,Total,3,Other Non Hispanic,35,Montgomery,523
2012,0,Total,0,Total,3,Other Non Hispanic,36,Nassau,117273
2012,0,Total,0,Total,3,Other Non Hispanic,37,Niagara,4955
2012,0,Total,0,Total,3,Other Non Hispanic,38,Oneida,8240
2012,0,Total,0,Total,3,Other Non Hispanic,39,Onondaga,20027
2012,0,Total,0,Total,3,Other Non Hispanic,40,Ontario,1703
2012,0,Total,0,Total,3,Other Non Hispanic,41,Orange,11250
2012,0,Total,0,Total,3,Other Non Hispanic,42,Orleans,505
2012,0,Total,0,Total,3,Other Non Hispanic,43,Oswego,1472
2012,0,Total,0,Total,3,Other Non Hispanic,44,Otsego,971
2012,0,Total,0,Total,3,Other Non Hispanic,45,Putnam,2376
2012,0,Total,0,Total,3,Other Non Hispanic,46,Rensselaer,4404
2012,0,Total,0,Total,3,Other Non Hispanic,47,Rockland,21959
2012,0,Total,0,Total,3,Other Non Hispanic,48,St Lawrence,2456
2012,0,Total,0,Total,3,Other Non Hispanic,49,Saratoga,5478
2012,0,Total,0,Total,3,Other Non Hispanic,50,Schenectady,7820
2012,0,Total,0,Total,3,Other Non Hispanic,51,Schoharie,327
2012,0,Total,0,Total,3,Other Non Hispanic,52,Schuyler,132
2012,0,Total,0,Total,3,Other Non Hispanic,53,Seneca,428
2012,0,Total,0,Total,3,Other Non Hispanic,54,Steuben,1690
2012,0,Total,0,Total,3,Other Non Hispanic,55,Suffolk,60991
2012,0,Total,0,Total,3,Other Non Hispanic,56,Sullivan,1536
2012,0,Total,0,Total,3,Other Non Hispanic,57,Tioga,545
2012,0,Total,0,Total,3,Other Non Hispanic,58,Tompkins,10460
2012,0,Total,0,Total,3,Other Non Hispanic,59,Ulster,4090
2012,0,Total,0,Total,3,Other Non Hispanic,60,Warren,718
2012,0,Total,0,Total,3,Other Non Hispanic,61,Washington,469
2012,0,Total,0,Total,3,Other Non Hispanic,62,Wayne,968
2012,0,Total,0,Total,3,Other Non Hispanic,63,Westchester,59934
2012,0,Total,0,Total,3,Other Non Hispanic,64,Wyoming,316
2012,0,Total,0,Total,3,Other Non Hispanic,65,Yates,157
2013,0,Total,0,Total,3,Other Non Hispanic,1,New York State,1705241
2013,0,Total,0,Total,3,Other Non Hispanic,2,New York City,1212593
2013,0,Total,0,Total,3,Other Non Hispanic,3,Bronx,60226
2013,0,Total,0,Total,3,Other Non Hispanic,4,Kings,312147
2013,0,Total,0,Total,3,Other Non Hispanic,5,New York,201865
2013,0,Total,0,Total,3,Other Non Hispanic,6,Queens,599464
2013,0,Total,0,Total,3,Other Non Hispanic,7,Richmond,38891
2013,0,Total,0,Total,3,Other Non Hispanic,8,Rest of State,492648
2013,0,Total,0,Total,3,Other Non Hispanic,9,Albany,18155
2013,0,Total,0,Total,3,Other Non Hispanic,10,Allegany,628
2013,0,Total,0,Total,3,Other Non Hispanic,11,Broome,8457
2013,0,Total,0,Total,3,Other Non Hispanic,12,Cattaraugus,3270
2013,0,Total,0,Total,3,Other Non Hispanic,13,Cayuga,847
2013,0,Total,0,Total,3,Other Non Hispanic,14,Chautauqua,1599
2013,0,Total,0,Total,3,Other Non Hispanic,15,Chemung,1516
2013,0,Total,0,Total,3,Other Non Hispanic,16,Chenango,462
2013,0,Total,0,Total,3,Other Non Hispanic,17,Clinton,1442
2013,0,Total,0,Total,3,Other Non Hispanic,18,Columbia,1365
2013,0,Total,0,Total,3,Other Non Hispanic,19,Cortland,682
2013,0,Total,0,Total,3,Other Non Hispanic,20,Delaware,551
2013,0,Total,0,Total,3,Other Non Hispanic,21,Dutchess,12452
2013,0,Total,0,Total,3,Other Non Hispanic,22,Erie,34007
2013,0,Total,0,Total,3,Other Non Hispanic,23,Essex,425
2013,0,Total,0,Total,3,Other Non Hispanic,24,Franklin,4304
2013,0,Total,0,Total,3,Other Non Hispanic,25,Fulton,539
2013,0,Total,0,Total,3,Other Non Hispanic,26,Genesee,1170
2013,0,Total,0,Total,3,Other Non Hispanic,27,Greene,628
2013,0,Total,0,Total,3,Other Non Hispanic,28,Hamilton,37
2013,0,Total,0,Total,3,Other Non Hispanic,29,Herkimer,508
2013,0,Total,0,Total,3,Other Non Hispanic,30,Jefferson,3127
2013,0,Total,0,Total,3,Other Non Hispanic,31,Lewis,179
2013,0,Total,0,Total,3,Other Non Hispanic,32,Livingston,1175
2013,0,Total,0,Total,3,Other Non Hispanic,33,Madison,1199
2013,0,Total,0,Total,3,Other Non Hispanic,34,Monroe,29411
2013,0,Total,0,Total,3,Other Non Hispanic,35,Montgomery,529
2013,0,Total,0,Total,3,Other Non Hispanic,36,Nassau,121565
2013,0,Total,0,Total,3,Other Non Hispanic,37,Niagara,4931
2013,0,Total,0,Total,3,Other Non Hispanic,38,Oneida,8732
2013,0,Total,0,Total,3,Other Non Hispanic,39,Onondaga,20588
2013,0,Total,0,Total,3,Other Non Hispanic,40,Ontario,1761
2013,0,Total,0,Total,3,Other Non Hispanic,41,Orange,11455
2013,0,Total,0,Total,3,Other Non Hispanic,42,Orleans,500
2013,0,Total,0,Total,3,Other Non Hispanic,43,Oswego,1469
2013,0,Total,0,Total,3,Other Non Hispanic,44,Otsego,1040
2013,0,Total,0,Total,3,Other Non Hispanic,45,Putnam,2521
2013,0,Total,0,Total,3,Other Non Hispanic,46,Rensselaer,4326
2013,0,Total,0,Total,3,Other Non Hispanic,47,Rockland,22075
2013,0,Total,0,Total,3,Other Non Hispanic,48,St Lawrence,2455
2013,0,Total,0,Total,3,Other Non Hispanic,49,Saratoga,5969
2013,0,Total,0,Total,3,Other Non Hispanic,50,Schenectady,8071
2013,0,Total,0,Total,3,Other Non Hispanic,51,Schoharie,322
2013,0,Total,0,Total,3,Other Non Hispanic,52,Schuyler,134
2013,0,Total,0,Total,3,Other Non Hispanic,53,Seneca,444
2013,0,Total,0,Total,3,Other Non Hispanic,54,Steuben,1758
2013,0,Total,0,Total,3,Other Non Hispanic,55,Suffolk,62351
2013,0,Total,0,Total,3,Other Non Hispanic,56,Sullivan,1593
2013,0,Total,0,Total,3,Other Non Hispanic,57,Tioga,537
2013,0,Total,0,Total,3,Other Non Hispanic,58,Tompkins,10786
2013,0,Total,0,Total,3,Other Non Hispanic,59,Ulster,4317
2013,0,Total,0,Total,3,Other Non Hispanic,60,Warren,755
2013,0,Total,0,Total,3,Other Non Hispanic,61,Washington,508
2013,0,Total,0,Total,3,Other Non Hispanic,62,Wayne,989
2013,0,Total,0,Total,3,Other Non Hispanic,63,Westchester,61536
2013,0,Total,0,Total,3,Other Non Hispanic,64,Wyoming,322
2013,0,Total,0,Total,3,Other Non Hispanic,65,Yates,174
2014,0,Total,0,Total,3,Other Non Hispanic,10,Allegany,773
2014,0,Total,0,Total,3,Other Non Hispanic,28,Hamilton,43
2014,0,Total,0,Total,3,Other Non Hispanic,65,Yates,191
2014,0,Total,0,Total,3,Other Non Hispanic,38,Oneida,9549
2014,0,Total,0,Total,3,Other Non Hispanic,29,Herkimer,555
2014,0,Total,0,Total,3,Other Non Hispanic,17,Clinton,1563
2014,0,Total,0,Total,3,Other Non Hispanic,31,Lewis,194
2014,0,Total,0,Total,3,Other Non Hispanic,43,Oswego,1592
2014,0,Total,0,Total,3,Other Non Hispanic,15,Chemung,1641
2014,0,Total,0,Total,3,Other Non Hispanic,19,Cortland,734
2014,0,Total,0,Total,3,Other Non Hispanic,11,Broome,9089
2014,0,Total,0,Total,3,Other Non Hispanic,58,Tompkins,11553
2014,0,Total,0,Total,3,Other Non Hispanic,9,Albany,19407
2014,0,Total,0,Total,3,Other Non Hispanic,22,Erie,36335
2014,0,Total,0,Total,3,Other Non Hispanic,45,Putnam,2686
2014,0,Total,0,Total,3,Other Non Hispanic,46,Rensselaer,4606
2014,0,Total,0,Total,3,Other Non Hispanic,48,St Lawrence,2612
2014,0,Total,0,Total,3,Other Non Hispanic,52,Schuyler,142
2014,0,Total,0,Total,3,Other Non Hispanic,42,Orleans,527
2014,0,Total,0,Total,3,Other Non Hispanic,55,Suffolk,65700
2014,0,Total,0,Total,3,Other Non Hispanic,37,Niagara,5185
2014,0,Total,0,Total,3,Other Non Hispanic,39,Onondaga,21634
2014,0,Total,0,Total,3,Other Non Hispanic,40,Ontario,1850
2014,0,Total,0,Total,3,Other Non Hispanic,4,Kings,327103
2014,0,Total,0,Total,3,Other Non Hispanic,50,Schenectady,8453
2014,0,Total,0,Total,3,Other Non Hispanic,36,Nassau,127212
2014,0,Total,0,Total,3,Other Non Hispanic,8,Rest of State,515400
2014,0,Total,0,Total,3,Other Non Hispanic,49,Saratoga,6243
2014,0,Total,0,Total,3,Other Non Hispanic,35,Montgomery,553
2014,0,Total,0,Total,3,Other Non Hispanic,3,Bronx,62791
2014,0,Total,0,Total,3,Other Non Hispanic,7,Richmond,40486
2014,0,Total,0,Total,3,Other Non Hispanic,54,Steuben,1830
2014,0,Total,0,Total,3,Other Non Hispanic,1,New York State,1774514
2014,0,Total,0,Total,3,Other Non Hispanic,14,Chautauqua,1663
2014,0,Total,0,Total,3,Other Non Hispanic,34,Monroe,30560
2014,0,Total,0,Total,3,Other Non Hispanic,2,New York City,1259114
2014,0,Total,0,Total,3,Other Non Hispanic,13,Cayuga,878
2014,0,Total,0,Total,3,Other Non Hispanic,32,Livingston,1218
2014,0,Total,0,Total,3,Other Non Hispanic,60,Warren,782
2014,0,Total,0,Total,3,Other Non Hispanic,6,Queens,619982
2014,0,Total,0,Total,3,Other Non Hispanic,5,New York,208752
2014,0,Total,0,Total,3,Other Non Hispanic,63,Westchester,63527
2014,0,Total,0,Total,3,Other Non Hispanic,41,Orange,11822
2014,0,Total,0,Total,3,Other Non Hispanic,27,Greene,648
2014,0,Total,0,Total,3,Other Non Hispanic,64,Wyoming,332
2014,0,Total,0,Total,3,Other Non Hispanic,51,Schoharie,331
2014,0,Total,0,Total,3,Other Non Hispanic,59,Ulster,4436
2014,0,Total,0,Total,3,Other Non Hispanic,16,Chenango,473
2014,0,Total,0,Total,3,Other Non Hispanic,20,Delaware,564
2014,0,Total,0,Total,3,Other Non Hispanic,62,Wayne,1011
2014,0,Total,0,Total,3,Other Non Hispanic,61,Washington,519
2014,0,Total,0,Total,3,Other Non Hispanic,44,Otsego,1061
2014,0,Total,0,Total,3,Other Non Hispanic,47,Rockland,22506
2014,0,Total,0,Total,3,Other Non Hispanic,21,Dutchess,12655
2014,0,Total,0,Total,3,Other Non Hispanic,30,Jefferson,3166
2014,0,Total,0,Total,3,Other Non Hispanic,12,Cattaraugus,3301
2014,0,Total,0,Total,3,Other Non Hispanic,24,Franklin,4342
2014,0,Total,0,Total,3,Other Non Hispanic,26,Genesee,1168
2014,0,Total,0,Total,3,Other Non Hispanic,23,Essex,424
2014,0,Total,0,Total,3,Other Non Hispanic,25,Fulton,536
2014,0,Total,0,Total,3,Other Non Hispanic,56,Sullivan,1584
2014,0,Total,0,Total,3,Other Non Hispanic,33,Madison,1190
2014,0,Total,0,Total,3,Other Non Hispanic,57,Tioga,521
2014,0,Total,0,Total,3,Other Non Hispanic,53,Seneca,425
2014,0,Total,0,Total,3,Other Non Hispanic,18,Columbia,1305
