Year,Age Group Code,Age Group Description,Gender Code,Gender Description,Race Ethnicity Code,Race/Ethnicity Description,County Code,County,Population Female
2003,0,Total,2,Female,0,Total,1,New York State,9913690
2003,0,Total,2,Female,0,Total,2,New York City,4242166
2003,0,Total,2,Female,0,Total,3,Bronx,725479
2003,0,Total,2,Female,0,Total,4,Kings,1309827
2003,0,Total,2,Female,0,Total,5,New York,819531
2003,0,Total,2,Female,0,Total,6,Queens,1150488
2003,0,Total,2,Female,0,Total,7,Richmond,236841
2003,0,Total,2,Female,0,Total,8,Rest of State,5671524
2003,0,Total,2,Female,0,Total,9,Albany,154853
2003,0,Total,2,Female,0,Total,10,Allegany,25297
2003,0,Total,2,Female,0,Total,11,Broome,102959
2003,0,Total,2,Female,0,Total,12,Cattaraugus,42456
2003,0,Total,2,Female,0,Total,13,Cayuga,40515
2003,0,Total,2,Female,0,Total,14,Chautauqua,70460
2003,0,Total,2,Female,0,Total,15,Chemung,45778
2003,0,Total,2,Female,0,Total,16,Chenango,26171
2003,0,Total,2,Female,0,Total,17,Clinton,39793
2003,0,Total,2,Female,0,Total,18,Columbia,31803
2003,0,Total,2,Female,0,Total,19,Cortland,25147
2003,0,Total,2,Female,0,Total,20,Delaware,23930
2003,0,Total,2,Female,0,Total,21,Dutchess,145551
2003,0,Total,2,Female,0,Total,22,Erie,489846
2003,0,Total,2,Female,0,Total,23,Essex,18752
2003,0,Total,2,Female,0,Total,24,Franklin,23137
2003,0,Total,2,Female,0,Total,25,Fulton,28072
2003,0,Total,2,Female,0,Total,26,Genesee,30554
2003,0,Total,2,Female,0,Total,27,Greene,23694
2003,0,Total,2,Female,0,Total,28,Hamilton,2665
2003,0,Total,2,Female,0,Total,29,Herkimer,32764
2003,0,Total,2,Female,0,Total,30,Jefferson,55084
2003,0,Total,2,Female,0,Total,31,Lewis,13418
2003,0,Total,2,Female,0,Total,32,Livingston,32309
2003,0,Total,2,Female,0,Total,33,Madison,35754
2003,0,Total,2,Female,0,Total,34,Monroe,380925
2003,0,Total,2,Female,0,Total,35,Montgomery,25651
2003,0,Total,2,Female,0,Total,36,Nassau,692379
2003,0,Total,2,Female,0,Total,37,Niagara,112652
2003,0,Total,2,Female,0,Total,38,Oneida,117678
2003,0,Total,2,Female,0,Total,39,Onondaga,239711
2003,0,Total,2,Female,0,Total,40,Ontario,52322
2003,0,Total,2,Female,0,Total,41,Orange,180958
2003,0,Total,2,Female,0,Total,42,Orleans,21974
2003,0,Total,2,Female,0,Total,43,Oswego,62468
2003,0,Total,2,Female,0,Total,44,Otsego,32175
2003,0,Total,2,Female,0,Total,45,Putnam,49712
2003,0,Total,2,Female,0,Total,46,Rensselaer,78253
2003,0,Total,2,Female,0,Total,47,Rockland,149336
2003,0,Total,2,Female,0,Total,48,St Lawrence,55017
2003,0,Total,2,Female,0,Total,49,Saratoga,106292
2003,0,Total,2,Female,0,Total,50,Schenectady,76267
2003,0,Total,2,Female,0,Total,51,Schoharie,15917
2003,0,Total,2,Female,0,Total,52,Schuyler,9712
2003,0,Total,2,Female,0,Total,53,Seneca,16914
2003,0,Total,2,Female,0,Total,54,Steuben,50524
2003,0,Total,2,Female,0,Total,55,Suffolk,747191
2003,0,Total,2,Female,0,Total,56,Sullivan,36940
2003,0,Total,2,Female,0,Total,57,Tioga,26138
2003,0,Total,2,Female,0,Total,58,Tompkins,50991
2003,0,Total,2,Female,0,Total,59,Ulster,91095
2003,0,Total,2,Female,0,Total,60,Warren,33270
2003,0,Total,2,Female,0,Total,61,Washington,30028
2003,0,Total,2,Female,0,Total,62,Wayne,47524
2003,0,Total,2,Female,0,Total,63,Westchester,488335
2003,0,Total,2,Female,0,Total,64,Wyoming,19725
2003,0,Total,2,Female,0,Total,65,Yates,12688
2004,0,Total,2,Female,0,Total,1,New York State,9922507
2004,0,Total,2,Female,0,Total,2,New York City,4248681
2004,0,Total,2,Female,0,Total,3,Bronx,725800
2004,0,Total,2,Female,0,Total,4,Kings,1310347
2004,0,Total,2,Female,0,Total,5,New York,819535
2004,0,Total,2,Female,0,Total,6,Queens,1154678
2004,0,Total,2,Female,0,Total,7,Richmond,238321
2004,0,Total,2,Female,0,Total,8,Rest of State,5673826
2004,0,Total,2,Female,0,Total,9,Albany,155083
2004,0,Total,2,Female,0,Total,10,Allegany,25223
2004,0,Total,2,Female,0,Total,11,Broome,102117
2004,0,Total,2,Female,0,Total,12,Cattaraugus,42313
2004,0,Total,2,Female,0,Total,13,Cayuga,40399
2004,0,Total,2,Female,0,Total,14,Chautauqua,70085
2004,0,Total,2,Female,0,Total,15,Chemung,45604
2004,0,Total,2,Female,0,Total,16,Chenango,26353
2004,0,Total,2,Female,0,Total,17,Clinton,40065
2004,0,Total,2,Female,0,Total,18,Columbia,32038
2004,0,Total,2,Female,0,Total,19,Cortland,25333
2004,0,Total,2,Female,0,Total,20,Delaware,24004
2004,0,Total,2,Female,0,Total,21,Dutchess,146672
2004,0,Total,2,Female,0,Total,22,Erie,486919
2004,0,Total,2,Female,0,Total,23,Essex,18657
2004,0,Total,2,Female,0,Total,24,Franklin,23051
2004,0,Total,2,Female,0,Total,25,Fulton,28182
2004,0,Total,2,Female,0,Total,26,Genesee,30253
2004,0,Total,2,Female,0,Total,27,Greene,23826
2004,0,Total,2,Female,0,Total,28,Hamilton,2661
2004,0,Total,2,Female,0,Total,29,Herkimer,32796
2004,0,Total,2,Female,0,Total,30,Jefferson,53929
2004,0,Total,2,Female,0,Total,31,Lewis,13377
2004,0,Total,2,Female,0,Total,32,Livingston,32398
2004,0,Total,2,Female,0,Total,33,Madison,35848
2004,0,Total,2,Female,0,Total,34,Monroe,379472
2004,0,Total,2,Female,0,Total,35,Montgomery,25553
2004,0,Total,2,Female,0,Total,36,Nassau,690914
2004,0,Total,2,Female,0,Total,37,Niagara,112769
2004,0,Total,2,Female,0,Total,38,Oneida,117901
2004,0,Total,2,Female,0,Total,39,Onondaga,239084
2004,0,Total,2,Female,0,Total,40,Ontario,52843
2004,0,Total,2,Female,0,Total,41,Orange,183990
2004,0,Total,2,Female,0,Total,42,Orleans,22200
2004,0,Total,2,Female,0,Total,43,Oswego,62706
2004,0,Total,2,Female,0,Total,44,Otsego,32429
2004,0,Total,2,Female,0,Total,45,Putnam,50155
2004,0,Total,2,Female,0,Total,46,Rensselaer,78307
2004,0,Total,2,Female,0,Total,47,Rockland,149211
2004,0,Total,2,Female,0,Total,48,St Lawrence,54902
2004,0,Total,2,Female,0,Total,49,Saratoga,107815
2004,0,Total,2,Female,0,Total,50,Schenectady,76383
2004,0,Total,2,Female,0,Total,51,Schoharie,16107
2004,0,Total,2,Female,0,Total,52,Schuyler,9699
2004,0,Total,2,Female,0,Total,53,Seneca,16913
2004,0,Total,2,Female,0,Total,54,Steuben,50380
2004,0,Total,2,Female,0,Total,55,Suffolk,749401
2004,0,Total,2,Female,0,Total,56,Sullivan,37435
2004,0,Total,2,Female,0,Total,57,Tioga,26037
2004,0,Total,2,Female,0,Total,58,Tompkins,50132
2004,0,Total,2,Female,0,Total,59,Ulster,91251
2004,0,Total,2,Female,0,Total,60,Warren,33487
2004,0,Total,2,Female,0,Total,61,Washington,30462
2004,0,Total,2,Female,0,Total,62,Wayne,47442
2004,0,Total,2,Female,0,Total,63,Westchester,488991
2004,0,Total,2,Female,0,Total,64,Wyoming,19637
2004,0,Total,2,Female,0,Total,65,Yates,12632
2005,0,Total,2,Female,0,Total,1,New York State,9927578
2005,0,Total,2,Female,0,Total,2,New York City,4266752
2005,0,Total,2,Female,0,Total,3,Bronx,721457
2005,0,Total,2,Female,0,Total,4,Kings,1315420
2005,0,Total,2,Female,0,Total,5,New York,836140
2005,0,Total,2,Female,0,Total,6,Queens,1154760
2005,0,Total,2,Female,0,Total,7,Richmond,238975
2005,0,Total,2,Female,0,Total,8,Rest of State,5660826
2005,0,Total,2,Female,0,Total,9,Albany,154244
2005,0,Total,2,Female,0,Total,10,Allegany,25171
2005,0,Total,2,Female,0,Total,11,Broome,101551
2005,0,Total,2,Female,0,Total,12,Cattaraugus,41958
2005,0,Total,2,Female,0,Total,13,Cayuga,40199
2005,0,Total,2,Female,0,Total,14,Chautauqua,69460
2005,0,Total,2,Female,0,Total,15,Chemung,45172
2005,0,Total,2,Female,0,Total,16,Chenango,26260
2005,0,Total,2,Female,0,Total,17,Clinton,40232
2005,0,Total,2,Female,0,Total,18,Columbia,31975
2005,0,Total,2,Female,0,Total,19,Cortland,25246
2005,0,Total,2,Female,0,Total,20,Delaware,24041
2005,0,Total,2,Female,0,Total,21,Dutchess,147167
2005,0,Total,2,Female,0,Total,22,Erie,483463
2005,0,Total,2,Female,0,Total,23,Essex,18580
2005,0,Total,2,Female,0,Total,24,Franklin,23004
2005,0,Total,2,Female,0,Total,25,Fulton,28235
2005,0,Total,2,Female,0,Total,26,Genesee,29902
2005,0,Total,2,Female,0,Total,27,Greene,24069
2005,0,Total,2,Female,0,Total,28,Hamilton,2652
2005,0,Total,2,Female,0,Total,29,Herkimer,32791
2005,0,Total,2,Female,0,Total,30,Jefferson,56269
2005,0,Total,2,Female,0,Total,31,Lewis,13323
2005,0,Total,2,Female,0,Total,32,Livingston,32246
2005,0,Total,2,Female,0,Total,33,Madison,35710
2005,0,Total,2,Female,0,Total,34,Monroe,377592
2005,0,Total,2,Female,0,Total,35,Montgomery,25407
2005,0,Total,2,Female,0,Total,36,Nassau,687016
2005,0,Total,2,Female,0,Total,37,Niagara,112076
2005,0,Total,2,Female,0,Total,38,Oneida,117187
2005,0,Total,2,Female,0,Total,39,Onondaga,237760
2005,0,Total,2,Female,0,Total,40,Ontario,53274
2005,0,Total,2,Female,0,Total,41,Orange,185152
2005,0,Total,2,Female,0,Total,42,Orleans,21915
2005,0,Total,2,Female,0,Total,43,Oswego,62243
2005,0,Total,2,Female,0,Total,44,Otsego,32593
2005,0,Total,2,Female,0,Total,45,Putnam,50086
2005,0,Total,2,Female,0,Total,46,Rensselaer,78511
2005,0,Total,2,Female,0,Total,47,Rockland,148924
2005,0,Total,2,Female,0,Total,48,St Lawrence,54864
2005,0,Total,2,Female,0,Total,49,Saratoga,108752
2005,0,Total,2,Female,0,Total,50,Schenectady,76948
2005,0,Total,2,Female,0,Total,51,Schoharie,16259
2005,0,Total,2,Female,0,Total,52,Schuyler,9652
2005,0,Total,2,Female,0,Total,53,Seneca,16738
2005,0,Total,2,Female,0,Total,54,Steuben,50303
2005,0,Total,2,Female,0,Total,55,Suffolk,747432
2005,0,Total,2,Female,0,Total,56,Sullivan,37663
2005,0,Total,2,Female,0,Total,57,Tioga,25958
2005,0,Total,2,Female,0,Total,58,Tompkins,50151
2005,0,Total,2,Female,0,Total,59,Ulster,91626
2005,0,Total,2,Female,0,Total,60,Warren,33597
2005,0,Total,2,Female,0,Total,61,Washington,30496
2005,0,Total,2,Female,0,Total,62,Wayne,47425
2005,0,Total,2,Female,0,Total,63,Westchester,488171
2005,0,Total,2,Female,0,Total,64,Wyoming,19441
2005,0,Total,2,Female,0,Total,65,Yates,12694
2006,0,Total,2,Female,0,Total,1,New York State,9951163
2006,0,Total,2,Female,0,Total,2,New York City,4299426
2006,0,Total,2,Female,0,Total,3,Bronx,724145
2006,0,Total,2,Female,0,Total,4,Kings,1325336
2006,0,Total,2,Female,0,Total,5,New York,843855
2006,0,Total,2,Female,0,Total,6,Queens,1160584
2006,0,Total,2,Female,0,Total,7,Richmond,245506
2006,0,Total,2,Female,0,Total,8,Rest of State,5651737
2006,0,Total,2,Female,0,Total,9,Albany,154655
2006,0,Total,2,Female,0,Total,10,Allegany,25016
2006,0,Total,2,Female,0,Total,11,Broome,101307
2006,0,Total,2,Female,0,Total,12,Cattaraugus,41478
2006,0,Total,2,Female,0,Total,13,Cayuga,40196
2006,0,Total,2,Female,0,Total,14,Chautauqua,68911
2006,0,Total,2,Female,0,Total,15,Chemung,44755
2006,0,Total,2,Female,0,Total,16,Chenango,26231
2006,0,Total,2,Female,0,Total,17,Clinton,40286
2006,0,Total,2,Female,0,Total,18,Columbia,31584
2006,0,Total,2,Female,0,Total,19,Cortland,25119
2006,0,Total,2,Female,0,Total,20,Delaware,23867
2006,0,Total,2,Female,0,Total,21,Dutchess,147317
2006,0,Total,2,Female,0,Total,22,Erie,478247
2006,0,Total,2,Female,0,Total,23,Essex,18594
2006,0,Total,2,Female,0,Total,24,Franklin,23017
2006,0,Total,2,Female,0,Total,25,Fulton,28085
2006,0,Total,2,Female,0,Total,26,Genesee,29716
2006,0,Total,2,Female,0,Total,27,Greene,24023
2006,0,Total,2,Female,0,Total,28,Hamilton,2581
2006,0,Total,2,Female,0,Total,29,Herkimer,32569
2006,0,Total,2,Female,0,Total,30,Jefferson,56078
2006,0,Total,2,Female,0,Total,31,Lewis,13377
2006,0,Total,2,Female,0,Total,32,Livingston,32124
2006,0,Total,2,Female,0,Total,33,Madison,35796
2006,0,Total,2,Female,0,Total,34,Monroe,376507
2006,0,Total,2,Female,0,Total,35,Montgomery,25437
2006,0,Total,2,Female,0,Total,36,Nassau,682346
2006,0,Total,2,Female,0,Total,37,Niagara,111612
2006,0,Total,2,Female,0,Total,38,Oneida,117370
2006,0,Total,2,Female,0,Total,39,Onondaga,237178
2006,0,Total,2,Female,0,Total,40,Ontario,53185
2006,0,Total,2,Female,0,Total,41,Orange,187243
2006,0,Total,2,Female,0,Total,42,Orleans,21766
2006,0,Total,2,Female,0,Total,43,Oswego,62215
2006,0,Total,2,Female,0,Total,44,Otsego,32532
2006,0,Total,2,Female,0,Total,45,Putnam,50077
2006,0,Total,2,Female,0,Total,46,Rensselaer,78823
2006,0,Total,2,Female,0,Total,47,Rockland,149929
2006,0,Total,2,Female,0,Total,48,St Lawrence,54982
2006,0,Total,2,Female,0,Total,49,Saratoga,109044
2006,0,Total,2,Female,0,Total,50,Schenectady,77464
2006,0,Total,2,Female,0,Total,51,Schoharie,16239
2006,0,Total,2,Female,0,Total,52,Schuyler,9697
2006,0,Total,2,Female,0,Total,53,Seneca,16714
2006,0,Total,2,Female,0,Total,54,Steuben,50130
2006,0,Total,2,Female,0,Total,55,Suffolk,745257
2006,0,Total,2,Female,0,Total,56,Sullivan,37701
2006,0,Total,2,Female,0,Total,57,Tioga,25899
2006,0,Total,2,Female,0,Total,58,Tompkins,50287
2006,0,Total,2,Female,0,Total,59,Ulster,91744
2006,0,Total,2,Female,0,Total,60,Warren,33862
2006,0,Total,2,Female,0,Total,61,Washington,30747
2006,0,Total,2,Female,0,Total,62,Wayne,46966
2006,0,Total,2,Female,0,Total,63,Westchester,491722
2006,0,Total,2,Female,0,Total,64,Wyoming,19419
2006,0,Total,2,Female,0,Total,65,Yates,12714
2007,0,Total,2,Female,0,Total,1,New York State,9936993
2007,0,Total,2,Female,0,Total,2,New York City,4325484
2007,0,Total,2,Female,0,Total,3,Bronx,730598
2007,0,Total,2,Female,0,Total,4,Kings,1334217
2007,0,Total,2,Female,0,Total,5,New York,846052
2007,0,Total,2,Female,0,Total,6,Queens,1167363
2007,0,Total,2,Female,0,Total,7,Richmond,247254
2007,0,Total,2,Female,0,Total,8,Rest of State,5611509
2007,0,Total,2,Female,0,Total,9,Albany,155208
2007,0,Total,2,Female,0,Total,10,Allegany,24700
2007,0,Total,2,Female,0,Total,11,Broome,100988
2007,0,Total,2,Female,0,Total,12,Cattaraugus,40742
2007,0,Total,2,Female,0,Total,13,Cayuga,39547
2007,0,Total,2,Female,0,Total,14,Chautauqua,68188
2007,0,Total,2,Female,0,Total,15,Chemung,44326
2007,0,Total,2,Female,0,Total,16,Chenango,25914
2007,0,Total,2,Female,0,Total,17,Clinton,40201
2007,0,Total,2,Female,0,Total,18,Columbia,31257
2007,0,Total,2,Female,0,Total,19,Cortland,25049
2007,0,Total,2,Female,0,Total,20,Delaware,23476
2007,0,Total,2,Female,0,Total,21,Dutchess,145909
2007,0,Total,2,Female,0,Total,22,Erie,473494
2007,0,Total,2,Female,0,Total,23,Essex,18314
2007,0,Total,2,Female,0,Total,24,Franklin,22765
2007,0,Total,2,Female,0,Total,25,Fulton,27942
2007,0,Total,2,Female,0,Total,26,Genesee,29309
2007,0,Total,2,Female,0,Total,27,Greene,23796
2007,0,Total,2,Female,0,Total,28,Hamilton,2555
2007,0,Total,2,Female,0,Total,29,Herkimer,32070
2007,0,Total,2,Female,0,Total,30,Jefferson,57512
2007,0,Total,2,Female,0,Total,31,Lewis,13238
2007,0,Total,2,Female,0,Total,32,Livingston,31573
2007,0,Total,2,Female,0,Total,33,Madison,35521
2007,0,Total,2,Female,0,Total,34,Monroe,375770
2007,0,Total,2,Female,0,Total,35,Montgomery,25242
2007,0,Total,2,Female,0,Total,36,Nassau,672011
2007,0,Total,2,Female,0,Total,37,Niagara,110775
2007,0,Total,2,Female,0,Total,38,Oneida,116390
2007,0,Total,2,Female,0,Total,39,Onondaga,235551
2007,0,Total,2,Female,0,Total,40,Ontario,52910
2007,0,Total,2,Female,0,Total,41,Orange,187654
2007,0,Total,2,Female,0,Total,42,Orleans,21353
2007,0,Total,2,Female,0,Total,43,Oswego,61318
2007,0,Total,2,Female,0,Total,44,Otsego,32439
2007,0,Total,2,Female,0,Total,45,Putnam,49428
2007,0,Total,2,Female,0,Total,46,Rensselaer,78710
2007,0,Total,2,Female,0,Total,47,Rockland,150500
2007,0,Total,2,Female,0,Total,48,St Lawrence,54173
2007,0,Total,2,Female,0,Total,49,Saratoga,109043
2007,0,Total,2,Female,0,Total,50,Schenectady,77592
2007,0,Total,2,Female,0,Total,51,Schoharie,16147
2007,0,Total,2,Female,0,Total,52,Schuyler,9505
2007,0,Total,2,Female,0,Total,53,Seneca,16461
2007,0,Total,2,Female,0,Total,54,Steuben,49380
2007,0,Total,2,Female,0,Total,55,Suffolk,736403
2007,0,Total,2,Female,0,Total,56,Sullivan,37612
2007,0,Total,2,Female,0,Total,57,Tioga,25490
2007,0,Total,2,Female,0,Total,58,Tompkins,50443
2007,0,Total,2,Female,0,Total,59,Ulster,91116
2007,0,Total,2,Female,0,Total,60,Warren,33833
2007,0,Total,2,Female,0,Total,61,Washington,30452
2007,0,Total,2,Female,0,Total,62,Wayne,46206
2007,0,Total,2,Female,0,Total,63,Westchester,492342
2007,0,Total,2,Female,0,Total,64,Wyoming,19081
2007,0,Total,2,Female,0,Total,65,Yates,12585
2008,0,Total,2,Female,0,Total,1,New York State,10028234
2008,0,Total,2,Female,0,Total,2,New York City,4368501
2008,0,Total,2,Female,0,Total,3,Bronx,739870
2008,0,Total,2,Female,0,Total,4,Kings,1348142
2008,0,Total,2,Female,0,Total,5,New York,852505
2008,0,Total,2,Female,0,Total,6,Queens,1177994
2008,0,Total,2,Female,0,Total,7,Richmond,249990
2008,0,Total,2,Female,0,Total,8,Rest of State,5659733
2008,0,Total,2,Female,0,Total,9,Albany,154553
2008,0,Total,2,Female,0,Total,10,Allegany,24695
2008,0,Total,2,Female,0,Total,11,Broome,100508
2008,0,Total,2,Female,0,Total,12,Cattaraugus,40551
2008,0,Total,2,Female,0,Total,13,Cayuga,39432
2008,0,Total,2,Female,0,Total,14,Chautauqua,68006
2008,0,Total,2,Female,0,Total,15,Chemung,44160
2008,0,Total,2,Female,0,Total,16,Chenango,25777
2008,0,Total,2,Female,0,Total,17,Clinton,40113
2008,0,Total,2,Female,0,Total,18,Columbia,31055
2008,0,Total,2,Female,0,Total,19,Cortland,25035
2008,0,Total,2,Female,0,Total,20,Delaware,23416
2008,0,Total,2,Female,0,Total,21,Dutchess,146037
2008,0,Total,2,Female,0,Total,22,Erie,471480
2008,0,Total,2,Female,0,Total,23,Essex,18199
2008,0,Total,2,Female,0,Total,24,Franklin,22773
2008,0,Total,2,Female,0,Total,25,Fulton,27894
2008,0,Total,2,Female,0,Total,26,Genesee,29091
2008,0,Total,2,Female,0,Total,27,Greene,23662
2008,0,Total,2,Female,0,Total,28,Hamilton,2529
2008,0,Total,2,Female,0,Total,29,Herkimer,31872
2008,0,Total,2,Female,0,Total,30,Jefferson,57599
2008,0,Total,2,Female,0,Total,31,Lewis,13103
2008,0,Total,2,Female,0,Total,32,Livingston,31561
2008,0,Total,2,Female,0,Total,33,Madison,35482
2008,0,Total,2,Female,0,Total,34,Monroe,377041
2008,0,Total,2,Female,0,Total,35,Montgomery,25208
2008,0,Total,2,Female,0,Total,36,Nassau,694107
2008,0,Total,2,Female,0,Total,37,Niagara,110622
2008,0,Total,2,Female,0,Total,38,Oneida,115865
2008,0,Total,2,Female,0,Total,39,Onondaga,234639
2008,0,Total,2,Female,0,Total,40,Ontario,53145
2008,0,Total,2,Female,0,Total,41,Orange,188716
2008,0,Total,2,Female,0,Total,42,Orleans,21214
2008,0,Total,2,Female,0,Total,43,Oswego,61314
2008,0,Total,2,Female,0,Total,44,Otsego,32177
2008,0,Total,2,Female,0,Total,45,Putnam,49310
2008,0,Total,2,Female,0,Total,46,Rensselaer,78618
2008,0,Total,2,Female,0,Total,47,Rockland,151363
2008,0,Total,2,Female,0,Total,48,St Lawrence,54147
2008,0,Total,2,Female,0,Total,49,Saratoga,109624
2008,0,Total,2,Female,0,Total,50,Schenectady,77897
2008,0,Total,2,Female,0,Total,51,Schoharie,16061
2008,0,Total,2,Female,0,Total,52,Schuyler,9424
2008,0,Total,2,Female,0,Total,53,Seneca,16355
2008,0,Total,2,Female,0,Total,54,Steuben,49212
2008,0,Total,2,Female,0,Total,55,Suffolk,765371
2008,0,Total,2,Female,0,Total,56,Sullivan,37569
2008,0,Total,2,Female,0,Total,57,Tioga,25366
2008,0,Total,2,Female,0,Total,58,Tompkins,50504
2008,0,Total,2,Female,0,Total,59,Ulster,91037
2008,0,Total,2,Female,0,Total,60,Warren,33728
2008,0,Total,2,Female,0,Total,61,Washington,30446
2008,0,Total,2,Female,0,Total,62,Wayne,46324
2008,0,Total,2,Female,0,Total,63,Westchester,493164
2008,0,Total,2,Female,0,Total,64,Wyoming,18953
2008,0,Total,2,Female,0,Total,65,Yates,12629
2009,0,Total,2,Female,0,Total,1,New York State,10042290
2009,0,Total,2,Female,0,Total,2,New York City,4380638
2009,0,Total,2,Female,0,Total,3,Bronx,740304
2009,0,Total,2,Female,0,Total,4,Kings,1351566
2009,0,Total,2,Female,0,Total,5,New York,853197
2009,0,Total,2,Female,0,Total,6,Queens,1183931
2009,0,Total,2,Female,0,Total,7,Richmond,251640
2009,0,Total,2,Female,0,Total,8,Rest of State,5661652
2009,0,Total,2,Female,0,Total,9,Albany,154588
2009,0,Total,2,Female,0,Total,10,Allegany,24332
2009,0,Total,2,Female,0,Total,11,Broome,100257
2009,0,Total,2,Female,0,Total,12,Cattaraugus,40478
2009,0,Total,2,Female,0,Total,13,Cayuga,39131
2009,0,Total,2,Female,0,Total,14,Chautauqua,68046
2009,0,Total,2,Female,0,Total,15,Chemung,44371
2009,0,Total,2,Female,0,Total,16,Chenango,25500
2009,0,Total,2,Female,0,Total,17,Clinton,39888
2009,0,Total,2,Female,0,Total,18,Columbia,30760
2009,0,Total,2,Female,0,Total,19,Cortland,24783
2009,0,Total,2,Female,0,Total,20,Delaware,22966
2009,0,Total,2,Female,0,Total,21,Dutchess,145897
2009,0,Total,2,Female,0,Total,22,Erie,470995
2009,0,Total,2,Female,0,Total,23,Essex,18076
2009,0,Total,2,Female,0,Total,24,Franklin,22669
2009,0,Total,2,Female,0,Total,25,Fulton,27787
2009,0,Total,2,Female,0,Total,26,Genesee,29168
2009,0,Total,2,Female,0,Total,27,Greene,23580
2009,0,Total,2,Female,0,Total,28,Hamilton,2481
2009,0,Total,2,Female,0,Total,29,Herkimer,31794
2009,0,Total,2,Female,0,Total,30,Jefferson,58146
2009,0,Total,2,Female,0,Total,31,Lewis,13073
2009,0,Total,2,Female,0,Total,32,Livingston,31386
2009,0,Total,2,Female,0,Total,33,Madison,35386
2009,0,Total,2,Female,0,Total,34,Monroe,377450
2009,0,Total,2,Female,0,Total,35,Montgomery,25045
2009,0,Total,2,Female,0,Total,36,Nassau,695601
2009,0,Total,2,Female,0,Total,37,Niagara,110369
2009,0,Total,2,Female,0,Total,38,Oneida,115520
2009,0,Total,2,Female,0,Total,39,Onondaga,235490
2009,0,Total,2,Female,0,Total,40,Ontario,53620
2009,0,Total,2,Female,0,Total,41,Orange,189839
2009,0,Total,2,Female,0,Total,42,Orleans,21073
2009,0,Total,2,Female,0,Total,43,Oswego,61228
2009,0,Total,2,Female,0,Total,44,Otsego,31927
2009,0,Total,2,Female,0,Total,45,Putnam,49122
2009,0,Total,2,Female,0,Total,46,Rensselaer,78713
2009,0,Total,2,Female,0,Total,47,Rockland,151554
2009,0,Total,2,Female,0,Total,48,St Lawrence,53935
2009,0,Total,2,Female,0,Total,49,Saratoga,111171
2009,0,Total,2,Female,0,Total,50,Schenectady,77938
2009,0,Total,2,Female,0,Total,51,Schoharie,15795
2009,0,Total,2,Female,0,Total,52,Schuyler,9275
2009,0,Total,2,Female,0,Total,53,Seneca,16397
2009,0,Total,2,Female,0,Total,54,Steuben,48962
2009,0,Total,2,Female,0,Total,55,Suffolk,768239
2009,0,Total,2,Female,0,Total,56,Sullivan,37232
2009,0,Total,2,Female,0,Total,57,Tioga,25214
2009,0,Total,2,Female,0,Total,58,Tompkins,50959
2009,0,Total,2,Female,0,Total,59,Ulster,90951
2009,0,Total,2,Female,0,Total,60,Warren,33714
2009,0,Total,2,Female,0,Total,61,Washington,30330
2009,0,Total,2,Female,0,Total,62,Wayne,45948
2009,0,Total,2,Female,0,Total,63,Westchester,492128
2009,0,Total,2,Female,0,Total,64,Wyoming,18847
2009,0,Total,2,Female,0,Total,65,Yates,12528
2010,0,Total,2,Female,0,Total,1,New York State,10000955
2010,0,Total,2,Female,0,Total,2,New York City,4292589
2010,0,Total,2,Female,0,Total,3,Bronx,735475
2010,0,Total,2,Female,0,Total,4,Kings,1323322
2010,0,Total,2,Female,0,Total,5,New York,841432
2010,0,Total,2,Female,0,Total,6,Queens,1150919
2010,0,Total,2,Female,0,Total,7,Richmond,241441
2010,0,Total,2,Female,0,Total,8,Rest of State,5708366
2010,0,Total,2,Female,0,Total,9,Albany,157128
2010,0,Total,2,Female,0,Total,10,Allegany,24250
2010,0,Total,2,Female,0,Total,11,Broome,102227
2010,0,Total,2,Female,0,Total,12,Cattaraugus,40588
2010,0,Total,2,Female,0,Total,13,Cayuga,39193
2010,0,Total,2,Female,0,Total,14,Chautauqua,68396
2010,0,Total,2,Female,0,Total,15,Chemung,44659
2010,0,Total,2,Female,0,Total,16,Chenango,25341
2010,0,Total,2,Female,0,Total,17,Clinton,40031
2010,0,Total,2,Female,0,Total,18,Columbia,31335
2010,0,Total,2,Female,0,Total,19,Cortland,25243
2010,0,Total,2,Female,0,Total,20,Delaware,23884
2010,0,Total,2,Female,0,Total,21,Dutchess,149376
2010,0,Total,2,Female,0,Total,22,Erie,476069
2010,0,Total,2,Female,0,Total,23,Essex,18979
2010,0,Total,2,Female,0,Total,24,Franklin,23263
2010,0,Total,2,Female,0,Total,25,Fulton,28066
2010,0,Total,2,Female,0,Total,26,Genesee,30323
2010,0,Total,2,Female,0,Total,27,Greene,23541
2010,0,Total,2,Female,0,Total,28,Hamilton,2390
2010,0,Total,2,Female,0,Total,29,Herkimer,32940
2010,0,Total,2,Female,0,Total,30,Jefferson,57044
2010,0,Total,2,Female,0,Total,31,Lewis,13467
2010,0,Total,2,Female,0,Total,32,Livingston,32577
2010,0,Total,2,Female,0,Total,33,Madison,37378
2010,0,Total,2,Female,0,Total,34,Monroe,385236
2010,0,Total,2,Female,0,Total,35,Montgomery,25772
2010,0,Total,2,Female,0,Total,36,Nassau,691554
2010,0,Total,2,Female,0,Total,37,Niagara,111461
2010,0,Total,2,Female,0,Total,38,Oneida,117846
2010,0,Total,2,Female,0,Total,39,Onondaga,242165
2010,0,Total,2,Female,0,Total,40,Ontario,55189
2010,0,Total,2,Female,0,Total,41,Orange,186524
2010,0,Total,2,Female,0,Total,42,Orleans,21650
2010,0,Total,2,Female,0,Total,43,Oswego,61250
2010,0,Total,2,Female,0,Total,44,Otsego,32144
2010,0,Total,2,Female,0,Total,45,Putnam,49921
2010,0,Total,2,Female,0,Total,46,Rensselaer,80720
2010,0,Total,2,Female,0,Total,47,Rockland,158808
2010,0,Total,2,Female,0,Total,48,St Lawrence,55092
2010,0,Total,2,Female,0,Total,49,Saratoga,111548
2010,0,Total,2,Female,0,Total,50,Schenectady,79871
2010,0,Total,2,Female,0,Total,51,Schoharie,16374
2010,0,Total,2,Female,0,Total,52,Schuyler,9221
2010,0,Total,2,Female,0,Total,53,Seneca,16797
2010,0,Total,2,Female,0,Total,54,Steuben,49864
2010,0,Total,2,Female,0,Total,55,Suffolk,758682
2010,0,Total,2,Female,0,Total,56,Sullivan,37933
2010,0,Total,2,Female,0,Total,57,Tioga,25780
2010,0,Total,2,Female,0,Total,58,Tompkins,51533
2010,0,Total,2,Female,0,Total,59,Ulster,91684
2010,0,Total,2,Female,0,Total,60,Warren,33625
2010,0,Total,2,Female,0,Total,61,Washington,30458
2010,0,Total,2,Female,0,Total,62,Wayne,47252
2010,0,Total,2,Female,0,Total,63,Westchester,492452
2010,0,Total,2,Female,0,Total,64,Wyoming,19202
2010,0,Total,2,Female,0,Total,65,Yates,13070
2011,0,Total,2,Female,0,Total,1,New York State,10033393
2011,0,Total,2,Female,0,Total,2,New York City,4319554
2011,0,Total,2,Female,0,Total,3,Bronx,736645
2011,0,Total,2,Female,0,Total,4,Kings,1335364
2011,0,Total,2,Female,0,Total,5,New York,847356
2011,0,Total,2,Female,0,Total,6,Queens,1157743
2011,0,Total,2,Female,0,Total,7,Richmond,242446
2011,0,Total,2,Female,0,Total,8,Rest of State,5713839
2011,0,Total,2,Female,0,Total,9,Albany,156693
2011,0,Total,2,Female,0,Total,10,Allegany,24157
2011,0,Total,2,Female,0,Total,11,Broome,101517
2011,0,Total,2,Female,0,Total,12,Cattaraugus,40410
2011,0,Total,2,Female,0,Total,13,Cayuga,39059
2011,0,Total,2,Female,0,Total,14,Chautauqua,68070
2011,0,Total,2,Female,0,Total,15,Chemung,44624
2011,0,Total,2,Female,0,Total,16,Chenango,25149
2011,0,Total,2,Female,0,Total,17,Clinton,39883
2011,0,Total,2,Female,0,Total,18,Columbia,31123
2011,0,Total,2,Female,0,Total,19,Cortland,25246
2011,0,Total,2,Female,0,Total,20,Delaware,23653
2011,0,Total,2,Female,0,Total,21,Dutchess,149667
2011,0,Total,2,Female,0,Total,22,Erie,474958
2011,0,Total,2,Female,0,Total,23,Essex,18858
2011,0,Total,2,Female,0,Total,24,Franklin,23236
2011,0,Total,2,Female,0,Total,25,Fulton,27935
2011,0,Total,2,Female,0,Total,26,Genesee,30182
2011,0,Total,2,Female,0,Total,27,Greene,23407
2011,0,Total,2,Female,0,Total,28,Hamilton,2376
2011,0,Total,2,Female,0,Total,29,Herkimer,32675
2011,0,Total,2,Female,0,Total,30,Jefferson,57572
2011,0,Total,2,Female,0,Total,31,Lewis,13400
2011,0,Total,2,Female,0,Total,32,Livingston,32435
2011,0,Total,2,Female,0,Total,33,Madison,37400
2011,0,Total,2,Female,0,Total,34,Monroe,385733
2011,0,Total,2,Female,0,Total,35,Montgomery,25536
2011,0,Total,2,Female,0,Total,36,Nassau,693468
2011,0,Total,2,Female,0,Total,37,Niagara,111104
2011,0,Total,2,Female,0,Total,38,Oneida,117609
2011,0,Total,2,Female,0,Total,39,Onondaga,241667
2011,0,Total,2,Female,0,Total,40,Ontario,55453
2011,0,Total,2,Female,0,Total,41,Orange,187304
2011,0,Total,2,Female,0,Total,42,Orleans,21510
2011,0,Total,2,Female,0,Total,43,Oswego,61275
2011,0,Total,2,Female,0,Total,44,Otsego,31989
2011,0,Total,2,Female,0,Total,45,Putnam,50155
2011,0,Total,2,Female,0,Total,46,Rensselaer,80792
2011,0,Total,2,Female,0,Total,47,Rockland,160472
2011,0,Total,2,Female,0,Total,48,St Lawrence,54983
2011,0,Total,2,Female,0,Total,49,Saratoga,112242
2011,0,Total,2,Female,0,Total,50,Schenectady,80068
2011,0,Total,2,Female,0,Total,51,Schoharie,16261
2011,0,Total,2,Female,0,Total,52,Schuyler,9208
2011,0,Total,2,Female,0,Total,53,Seneca,16765
2011,0,Total,2,Female,0,Total,54,Steuben,49929
2011,0,Total,2,Female,0,Total,55,Suffolk,761426
2011,0,Total,2,Female,0,Total,56,Sullivan,37569
2011,0,Total,2,Female,0,Total,57,Tioga,25734
2011,0,Total,2,Female,0,Total,58,Tompkins,51530
2011,0,Total,2,Female,0,Total,59,Ulster,91702
2011,0,Total,2,Female,0,Total,60,Warren,33691
2011,0,Total,2,Female,0,Total,61,Washington,30454
2011,0,Total,2,Female,0,Total,62,Wayne,47105
2011,0,Total,2,Female,0,Total,63,Westchester,495237
2011,0,Total,2,Female,0,Total,64,Wyoming,19077
2011,0,Total,2,Female,0,Total,65,Yates,13106
2012,0,Total,2,Female,0,Total,1,New York State,10081044
2012,0,Total,2,Female,0,Total,2,New York City,4364326
2012,0,Total,2,Female,0,Total,3,Bronx,745263
2012,0,Total,2,Female,0,Total,4,Kings,1350750
2012,0,Total,2,Female,0,Total,5,New York,855170
2012,0,Total,2,Female,0,Total,6,Queens,1170178
2012,0,Total,2,Female,0,Total,7,Richmond,242965
2012,0,Total,2,Female,0,Total,8,Rest of State,5716718
2012,0,Total,2,Female,0,Total,9,Albany,157835
2012,0,Total,2,Female,0,Total,10,Allegany,23942
2012,0,Total,2,Female,0,Total,11,Broome,100999
2012,0,Total,2,Female,0,Total,12,Cattaraugus,40173
2012,0,Total,2,Female,0,Total,13,Cayuga,38919
2012,0,Total,2,Female,0,Total,14,Chautauqua,67460
2012,0,Total,2,Female,0,Total,15,Chemung,44646
2012,0,Total,2,Female,0,Total,16,Chenango,25054
2012,0,Total,2,Female,0,Total,17,Clinton,39739
2012,0,Total,2,Female,0,Total,18,Columbia,31138
2012,0,Total,2,Female,0,Total,19,Cortland,25305
2012,0,Total,2,Female,0,Total,20,Delaware,23590
2012,0,Total,2,Female,0,Total,21,Dutchess,149367
2012,0,Total,2,Female,0,Total,22,Erie,474902
2012,0,Total,2,Female,0,Total,23,Essex,18755
2012,0,Total,2,Female,0,Total,24,Franklin,23273
2012,0,Total,2,Female,0,Total,25,Fulton,27745
2012,0,Total,2,Female,0,Total,26,Genesee,30169
2012,0,Total,2,Female,0,Total,27,Greene,23261
2012,0,Total,2,Female,0,Total,28,Hamilton,2372
2012,0,Total,2,Female,0,Total,29,Herkimer,32847
2012,0,Total,2,Female,0,Total,30,Jefferson,58034
2012,0,Total,2,Female,0,Total,31,Lewis,13451
2012,0,Total,2,Female,0,Total,32,Livingston,32282
2012,0,Total,2,Female,0,Total,33,Madison,36924
2012,0,Total,2,Female,0,Total,34,Monroe,386642
2012,0,Total,2,Female,0,Total,35,Montgomery,25455
2012,0,Total,2,Female,0,Total,36,Nassau,695424
2012,0,Total,2,Female,0,Total,37,Niagara,110558
2012,0,Total,2,Female,0,Total,38,Oneida,117280
2012,0,Total,2,Female,0,Total,39,Onondaga,241498
2012,0,Total,2,Female,0,Total,40,Ontario,55383
2012,0,Total,2,Female,0,Total,41,Orange,187093
2012,0,Total,2,Female,0,Total,42,Orleans,21558
2012,0,Total,2,Female,0,Total,43,Oswego,60960
2012,0,Total,2,Female,0,Total,44,Otsego,31780
2012,0,Total,2,Female,0,Total,45,Putnam,50052
2012,0,Total,2,Female,0,Total,46,Rensselaer,80876
2012,0,Total,2,Female,0,Total,47,Rockland,161908
2012,0,Total,2,Female,0,Total,48,St Lawrence,55089
2012,0,Total,2,Female,0,Total,49,Saratoga,112755
2012,0,Total,2,Female,0,Total,50,Schenectady,79935
2012,0,Total,2,Female,0,Total,51,Schoharie,16093
2012,0,Total,2,Female,0,Total,52,Schuyler,9237
2012,0,Total,2,Female,0,Total,53,Seneca,16848
2012,0,Total,2,Female,0,Total,54,Steuben,49941
2012,0,Total,2,Female,0,Total,55,Suffolk,761261
2012,0,Total,2,Female,0,Total,56,Sullivan,37418
2012,0,Total,2,Female,0,Total,57,Tioga,25440
2012,0,Total,2,Female,0,Total,58,Tompkins,51927
2012,0,Total,2,Female,0,Total,59,Ulster,91392
2012,0,Total,2,Female,0,Total,60,Warren,33489
2012,0,Total,2,Female,0,Total,61,Washington,30388
2012,0,Total,2,Female,0,Total,62,Wayne,46845
2012,0,Total,2,Female,0,Total,63,Westchester,497969
2012,0,Total,2,Female,0,Total,64,Wyoming,19023
2012,0,Total,2,Female,0,Total,65,Yates,13019
2013,0,Total,2,Female,0,Total,1,New York State,10114934
2013,0,Total,2,Female,0,Total,2,New York City,4395464
2013,0,Total,2,Female,0,Total,3,Bronx,749678
2013,0,Total,2,Female,0,Total,4,Kings,1362960
2013,0,Total,2,Female,0,Total,5,New York,858012
2013,0,Total,2,Female,0,Total,6,Queens,1181054
2013,0,Total,2,Female,0,Total,7,Richmond,243760
2013,0,Total,2,Female,0,Total,8,Rest of State,5719470
2013,0,Total,2,Female,0,Total,9,Albany,158668
2013,0,Total,2,Female,0,Total,10,Allegany,23831
2013,0,Total,2,Female,0,Total,11,Broome,100678
2013,0,Total,2,Female,0,Total,12,Cattaraugus,39865
2013,0,Total,2,Female,0,Total,13,Cayuga,38851
2013,0,Total,2,Female,0,Total,14,Chautauqua,67200
2013,0,Total,2,Female,0,Total,15,Chemung,44418
2013,0,Total,2,Female,0,Total,16,Chenango,24778
2013,0,Total,2,Female,0,Total,17,Clinton,39838
2013,0,Total,2,Female,0,Total,18,Columbia,31017
2013,0,Total,2,Female,0,Total,19,Cortland,25014
2013,0,Total,2,Female,0,Total,20,Delaware,23220
2013,0,Total,2,Female,0,Total,21,Dutchess,149304
2013,0,Total,2,Female,0,Total,22,Erie,474980
2013,0,Total,2,Female,0,Total,23,Essex,18659
2013,0,Total,2,Female,0,Total,24,Franklin,23162
2013,0,Total,2,Female,0,Total,25,Fulton,27572
2013,0,Total,2,Female,0,Total,26,Genesee,29922
2013,0,Total,2,Female,0,Total,27,Greene,23165
2013,0,Total,2,Female,0,Total,28,Hamilton,2373
2013,0,Total,2,Female,0,Total,29,Herkimer,32624
2013,0,Total,2,Female,0,Total,30,Jefferson,57155
2013,0,Total,2,Female,0,Total,31,Lewis,13417
2013,0,Total,2,Female,0,Total,32,Livingston,32218
2013,0,Total,2,Female,0,Total,33,Madison,36810
2013,0,Total,2,Female,0,Total,34,Monroe,387433
2013,0,Total,2,Female,0,Total,35,Montgomery,25393
2013,0,Total,2,Female,0,Total,36,Nassau,696564
2013,0,Total,2,Female,0,Total,37,Niagara,109904
2013,0,Total,2,Female,0,Total,38,Oneida,117086
2013,0,Total,2,Female,0,Total,39,Onondaga,242242
2013,0,Total,2,Female,0,Total,40,Ontario,55681
2013,0,Total,2,Female,0,Total,41,Orange,187629
2013,0,Total,2,Female,0,Total,42,Orleans,21349
2013,0,Total,2,Female,0,Total,43,Oswego,60654
2013,0,Total,2,Female,0,Total,44,Otsego,31715
2013,0,Total,2,Female,0,Total,45,Putnam,50002
2013,0,Total,2,Female,0,Total,46,Rensselaer,80827
2013,0,Total,2,Female,0,Total,47,Rockland,163431
2013,0,Total,2,Female,0,Total,48,St Lawrence,55018
2013,0,Total,2,Female,0,Total,49,Saratoga,113376
2013,0,Total,2,Female,0,Total,50,Schenectady,79791
2013,0,Total,2,Female,0,Total,51,Schoharie,16030
2013,0,Total,2,Female,0,Total,52,Schuyler,9154
2013,0,Total,2,Female,0,Total,53,Seneca,16893
2013,0,Total,2,Female,0,Total,54,Steuben,49704
2013,0,Total,2,Female,0,Total,55,Suffolk,761312
2013,0,Total,2,Female,0,Total,56,Sullivan,37333
2013,0,Total,2,Female,0,Total,57,Tioga,25336
2013,0,Total,2,Female,0,Total,58,Tompkins,52528
2013,0,Total,2,Female,0,Total,59,Ulster,91111
2013,0,Total,2,Female,0,Total,60,Warren,33392
2013,0,Total,2,Female,0,Total,61,Washington,30507
2013,0,Total,2,Female,0,Total,62,Wayne,46594
2013,0,Total,2,Female,0,Total,63,Westchester,500935
2013,0,Total,2,Female,0,Total,64,Wyoming,18902
2013,0,Total,2,Female,0,Total,65,Yates,12905
2014,0,Total,2,Female,0,Total,3,Bronx,760032
2014,0,Total,2,Female,0,Total,6,Queens,1195575
2014,0,Total,2,Female,0,Total,4,Kings,1379030
2014,0,Total,2,Female,0,Total,2,New York City,4442635
2014,0,Total,2,Female,0,Total,47,Rockland,165094
2014,0,Total,2,Female,0,Total,58,Tompkins,53045
2014,0,Total,2,Female,0,Total,5,New York,863560
2014,0,Total,2,Female,0,Total,36,Nassau,700017
2014,0,Total,2,Female,0,Total,1,New York State,10164966
2014,0,Total,2,Female,0,Total,63,Westchester,502748
2014,0,Total,2,Female,0,Total,9,Albany,159203
2014,0,Total,2,Female,0,Total,49,Saratoga,113725
2014,0,Total,2,Female,0,Total,19,Cortland,25088
2014,0,Total,2,Female,0,Total,7,Richmond,244438
2014,0,Total,2,Female,0,Total,22,Erie,476061
2014,0,Total,2,Female,0,Total,40,Ontario,55798
2014,0,Total,2,Female,0,Total,65,Yates,12931
2014,0,Total,2,Female,0,Total,52,Schuyler,9172
2014,0,Total,2,Female,0,Total,55,Suffolk,762528
2014,0,Total,2,Female,0,Total,41,Orange,187903
2014,0,Total,2,Female,0,Total,31,Lewis,13436
2014,0,Total,2,Female,0,Total,50,Schenectady,79884
2014,0,Total,2,Female,0,Total,46,Rensselaer,80869
2014,0,Total,2,Female,0,Total,8,Rest of State,5722331
2014,0,Total,2,Female,0,Total,34,Monroe,387553
2014,0,Total,2,Female,0,Total,32,Livingston,32218
2014,0,Total,2,Female,0,Total,39,Onondaga,242152
2014,0,Total,2,Female,0,Total,24,Franklin,23144
2014,0,Total,2,Female,0,Total,45,Putnam,49960
2014,0,Total,2,Female,0,Total,38,Oneida,116915
2014,0,Total,2,Female,0,Total,54,Steuben,49612
2014,0,Total,2,Female,0,Total,33,Madison,36741
2014,0,Total,2,Female,0,Total,21,Dutchess,148987
2014,0,Total,2,Female,0,Total,16,Chenango,24722
2014,0,Total,2,Female,0,Total,20,Delaware,23151
2014,0,Total,2,Female,0,Total,18,Columbia,30922
2014,0,Total,2,Female,0,Total,62,Wayne,46450
2014,0,Total,2,Female,0,Total,11,Broome,100353
2014,0,Total,2,Female,0,Total,17,Clinton,39702
2014,0,Total,2,Female,0,Total,37,Niagara,109519
2014,0,Total,2,Female,0,Total,43,Oswego,60415
2014,0,Total,2,Female,0,Total,12,Cattaraugus,39686
2014,0,Total,2,Female,0,Total,64,Wyoming,18814
2014,0,Total,2,Female,0,Total,15,Chemung,44204
2014,0,Total,2,Female,0,Total,59,Ulster,90662
2014,0,Total,2,Female,0,Total,30,Jefferson,56820
2014,0,Total,2,Female,0,Total,35,Montgomery,25234
2014,0,Total,2,Female,0,Total,48,St Lawrence,54663
2014,0,Total,2,Female,0,Total,60,Warren,33170
2014,0,Total,2,Female,0,Total,23,Essex,18527
2014,0,Total,2,Female,0,Total,13,Cayuga,38555
2014,0,Total,2,Female,0,Total,27,Greene,22984
2014,0,Total,2,Female,0,Total,25,Fulton,27347
2014,0,Total,2,Female,0,Total,29,Herkimer,32345
2014,0,Total,2,Female,0,Total,14,Chautauqua,66624
2014,0,Total,2,Female,0,Total,56,Sullivan,37011
2014,0,Total,2,Female,0,Total,26,Genesee,29646
2014,0,Total,2,Female,0,Total,44,Otsego,31392
2014,0,Total,2,Female,0,Total,57,Tioga,25073
2014,0,Total,2,Female,0,Total,42,Orleans,21122
2014,0,Total,2,Female,0,Total,10,Allegany,23566
2014,0,Total,2,Female,0,Total,51,Schoharie,15851
2014,0,Total,2,Female,0,Total,53,Seneca,16660
2014,0,Total,2,Female,0,Total,61,Washington,30033
2014,0,Total,2,Female,0,Total,28,Hamilton,2324
