Year,Age Group Code,Age Group Description,Gender Code,Gender Description,Race Ethnicity Code,Race/Ethnicity Description,County Code,County,Population White Non Hispanic
2003,0,Total,0,Total,1,White Non Hispanic,1,New York State,11696047
2003,0,Total,0,Total,1,White Non Hispanic,2,New York City,2796290
2003,0,Total,0,Total,1,White Non Hispanic,3,Bronx,179554
2003,0,Total,0,Total,1,White Non Hispanic,4,Kings,861512
2003,0,Total,0,Total,1,White Non Hispanic,5,New York,728961
2003,0,Total,0,Total,1,White Non Hispanic,6,Queens,710467
2003,0,Total,0,Total,1,White Non Hispanic,7,Richmond,315796
2003,0,Total,0,Total,1,White Non Hispanic,8,Rest of State,8899757
2003,0,Total,0,Total,1,White Non Hispanic,9,Albany,238517
2003,0,Total,0,Total,1,White Non Hispanic,10,Allegany,48842
2003,0,Total,0,Total,1,White Non Hispanic,11,Broome,179153
2003,0,Total,0,Total,1,White Non Hispanic,12,Cattaraugus,78526
2003,0,Total,0,Total,1,White Non Hispanic,13,Cayuga,75795
2003,0,Total,0,Total,1,White Non Hispanic,14,Chautauqua,126118
2003,0,Total,0,Total,1,White Non Hispanic,15,Chemung,81225
2003,0,Total,0,Total,1,White Non Hispanic,16,Chenango,49885
2003,0,Total,0,Total,1,White Non Hispanic,17,Clinton,75262
2003,0,Total,0,Total,1,White Non Hispanic,18,Columbia,57446
2003,0,Total,0,Total,1,White Non Hispanic,19,Cortland,46809
2003,0,Total,0,Total,1,White Non Hispanic,20,Delaware,44707
2003,0,Total,0,Total,1,White Non Hispanic,21,Dutchess,228588
2003,0,Total,0,Total,1,White Non Hispanic,22,Erie,753734
2003,0,Total,0,Total,1,White Non Hispanic,23,Essex,36490
2003,0,Total,0,Total,1,White Non Hispanic,24,Franklin,42487
2003,0,Total,0,Total,1,White Non Hispanic,25,Fulton,52397
2003,0,Total,0,Total,1,White Non Hispanic,26,Genesee,56496
2003,0,Total,0,Total,1,White Non Hispanic,27,Greene,43240
2003,0,Total,0,Total,1,White Non Hispanic,28,Hamilton,5140
2003,0,Total,0,Total,1,White Non Hispanic,29,Herkimer,62019
2003,0,Total,0,Total,1,White Non Hispanic,30,Jefferson,93496
2003,0,Total,0,Total,1,White Non Hispanic,31,Lewis,25964
2003,0,Total,0,Total,1,White Non Hispanic,32,Livingston,60200
2003,0,Total,0,Total,1,White Non Hispanic,33,Madison,67295
2003,0,Total,0,Total,1,White Non Hispanic,34,Monroe,559910
2003,0,Total,0,Total,1,White Non Hispanic,35,Montgomery,43809
2003,0,Total,0,Total,1,White Non Hispanic,36,Nassau,948603
2003,0,Total,0,Total,1,White Non Hispanic,37,Niagara,195339
2003,0,Total,0,Total,1,White Non Hispanic,38,Oneida,206966
2003,0,Total,0,Total,1,White Non Hispanic,39,Onondaga,381981
2003,0,Total,0,Total,1,White Non Hispanic,40,Ontario,96023
2003,0,Total,0,Total,1,White Non Hispanic,41,Orange,268104
2003,0,Total,0,Total,1,White Non Hispanic,42,Orleans,38532
2003,0,Total,0,Total,1,White Non Hispanic,43,Oswego,119487
2003,0,Total,0,Total,1,White Non Hispanic,44,Otsego,59031
2003,0,Total,0,Total,1,White Non Hispanic,45,Putnam,87318
2003,0,Total,0,Total,1,White Non Hispanic,46,Rensselaer,137436
2003,0,Total,0,Total,1,White Non Hispanic,47,Rockland,202645
2003,0,Total,0,Total,1,White Non Hispanic,48,St Lawrence,104371
2003,0,Total,0,Total,1,White Non Hispanic,49,Saratoga,197796
2003,0,Total,0,Total,1,White Non Hispanic,50,Schenectady,124968
2003,0,Total,0,Total,1,White Non Hispanic,51,Schoharie,30314
2003,0,Total,0,Total,1,White Non Hispanic,52,Schuyler,18733
2003,0,Total,0,Total,1,White Non Hispanic,53,Seneca,32036
2003,0,Total,0,Total,1,White Non Hispanic,54,Steuben,94493
2003,0,Total,0,Total,1,White Non Hispanic,55,Suffolk,1121969
2003,0,Total,0,Total,1,White Non Hispanic,56,Sullivan,59165
2003,0,Total,0,Total,1,White Non Hispanic,57,Tioga,50134
2003,0,Total,0,Total,1,White Non Hispanic,58,Tompkins,83710
2003,0,Total,0,Total,1,White Non Hispanic,59,Ulster,154234
2003,0,Total,0,Total,1,White Non Hispanic,60,Warren,62657
2003,0,Total,0,Total,1,White Non Hispanic,61,Washington,58259
2003,0,Total,0,Total,1,White Non Hispanic,62,Wayne,86821
2003,0,Total,0,Total,1,White Non Hispanic,63,Westchester,581891
2003,0,Total,0,Total,1,White Non Hispanic,64,Wyoming,39064
2003,0,Total,0,Total,1,White Non Hispanic,65,Yates,24127
2004,0,Total,0,Total,1,White Non Hispanic,1,New York State,11832012
2004,0,Total,0,Total,1,White Non Hispanic,2,New York City,2858947
2004,0,Total,0,Total,1,White Non Hispanic,3,Bronx,184832
2004,0,Total,0,Total,1,White Non Hispanic,4,Kings,886613
2004,0,Total,0,Total,1,White Non Hispanic,5,New York,740642
2004,0,Total,0,Total,1,White Non Hispanic,6,Queens,727195
2004,0,Total,0,Total,1,White Non Hispanic,7,Richmond,319665
2004,0,Total,0,Total,1,White Non Hispanic,8,Rest of State,8973065
2004,0,Total,0,Total,1,White Non Hispanic,9,Albany,240942
2004,0,Total,0,Total,1,White Non Hispanic,10,Allegany,48935
2004,0,Total,0,Total,1,White Non Hispanic,11,Broome,178406
2004,0,Total,0,Total,1,White Non Hispanic,12,Cattaraugus,78489
2004,0,Total,0,Total,1,White Non Hispanic,13,Cayuga,75987
2004,0,Total,0,Total,1,White Non Hispanic,14,Chautauqua,126489
2004,0,Total,0,Total,1,White Non Hispanic,15,Chemung,81412
2004,0,Total,0,Total,1,White Non Hispanic,16,Chenango,50281
2004,0,Total,0,Total,1,White Non Hispanic,17,Clinton,75870
2004,0,Total,0,Total,1,White Non Hispanic,18,Columbia,57892
2004,0,Total,0,Total,1,White Non Hispanic,19,Cortland,47272
2004,0,Total,0,Total,1,White Non Hispanic,20,Delaware,44915
2004,0,Total,0,Total,1,White Non Hispanic,21,Dutchess,232248
2004,0,Total,0,Total,1,White Non Hispanic,22,Erie,755258
2004,0,Total,0,Total,1,White Non Hispanic,23,Essex,36436
2004,0,Total,0,Total,1,White Non Hispanic,24,Franklin,42617
2004,0,Total,0,Total,1,White Non Hispanic,25,Fulton,52813
2004,0,Total,0,Total,1,White Non Hispanic,26,Genesee,56314
2004,0,Total,0,Total,1,White Non Hispanic,27,Greene,43559
2004,0,Total,0,Total,1,White Non Hispanic,28,Hamilton,5076
2004,0,Total,0,Total,1,White Non Hispanic,29,Herkimer,62093
2004,0,Total,0,Total,1,White Non Hispanic,30,Jefferson,99483
2004,0,Total,0,Total,1,White Non Hispanic,31,Lewis,26062
2004,0,Total,0,Total,1,White Non Hispanic,32,Livingston,60509
2004,0,Total,0,Total,1,White Non Hispanic,33,Madison,67596
2004,0,Total,0,Total,1,White Non Hispanic,34,Monroe,564971
2004,0,Total,0,Total,1,White Non Hispanic,35,Montgomery,44162
2004,0,Total,0,Total,1,White Non Hispanic,36,Nassau,953433
2004,0,Total,0,Total,1,White Non Hispanic,37,Niagara,196444
2004,0,Total,0,Total,1,White Non Hispanic,38,Oneida,208499
2004,0,Total,0,Total,1,White Non Hispanic,39,Onondaga,384504
2004,0,Total,0,Total,1,White Non Hispanic,40,Ontario,97557
2004,0,Total,0,Total,1,White Non Hispanic,41,Orange,274283
2004,0,Total,0,Total,1,White Non Hispanic,42,Orleans,38792
2004,0,Total,0,Total,1,White Non Hispanic,43,Oswego,119900
2004,0,Total,0,Total,1,White Non Hispanic,44,Otsego,59380
2004,0,Total,0,Total,1,White Non Hispanic,45,Putnam,87827
2004,0,Total,0,Total,1,White Non Hispanic,46,Rensselaer,138350
2004,0,Total,0,Total,1,White Non Hispanic,47,Rockland,205436
2004,0,Total,0,Total,1,White Non Hispanic,48,St Lawrence,104881
2004,0,Total,0,Total,1,White Non Hispanic,49,Saratoga,201872
2004,0,Total,0,Total,1,White Non Hispanic,50,Schenectady,125373
2004,0,Total,0,Total,1,White Non Hispanic,51,Schoharie,30693
2004,0,Total,0,Total,1,White Non Hispanic,52,Schuyler,18788
2004,0,Total,0,Total,1,White Non Hispanic,53,Seneca,32091
2004,0,Total,0,Total,1,White Non Hispanic,54,Steuben,95039
2004,0,Total,0,Total,1,White Non Hispanic,55,Suffolk,1132543
2004,0,Total,0,Total,1,White Non Hispanic,56,Sullivan,60194
2004,0,Total,0,Total,1,White Non Hispanic,57,Tioga,49995
2004,0,Total,0,Total,1,White Non Hispanic,58,Tompkins,83312
2004,0,Total,0,Total,1,White Non Hispanic,59,Ulster,155542
2004,0,Total,0,Total,1,White Non Hispanic,60,Warren,63125
2004,0,Total,0,Total,1,White Non Hispanic,61,Washington,59094
2004,0,Total,0,Total,1,White Non Hispanic,62,Wayne,87240
2004,0,Total,0,Total,1,White Non Hispanic,63,Westchester,589671
2004,0,Total,0,Total,1,White Non Hispanic,64,Wyoming,39019
2004,0,Total,0,Total,1,White Non Hispanic,65,Yates,24101
2005,0,Total,0,Total,1,White Non Hispanic,1,New York State,11807196
2005,0,Total,0,Total,1,White Non Hispanic,2,New York City,2882548
2005,0,Total,0,Total,1,White Non Hispanic,3,Bronx,180389
2005,0,Total,0,Total,1,White Non Hispanic,4,Kings,895180
2005,0,Total,0,Total,1,White Non Hispanic,5,New York,769032
2005,0,Total,0,Total,1,White Non Hispanic,6,Queens,720327
2005,0,Total,0,Total,1,White Non Hispanic,7,Richmond,317620
2005,0,Total,0,Total,1,White Non Hispanic,8,Rest of State,8924648
2005,0,Total,0,Total,1,White Non Hispanic,9,Albany,238975
2005,0,Total,0,Total,1,White Non Hispanic,10,Allegany,48838
2005,0,Total,0,Total,1,White Non Hispanic,11,Broome,176750
2005,0,Total,0,Total,1,White Non Hispanic,12,Cattaraugus,77791
2005,0,Total,0,Total,1,White Non Hispanic,13,Cayuga,75824
2005,0,Total,0,Total,1,White Non Hispanic,14,Chautauqua,125713
2005,0,Total,0,Total,1,White Non Hispanic,15,Chemung,80911
2005,0,Total,0,Total,1,White Non Hispanic,16,Chenango,50113
2005,0,Total,0,Total,1,White Non Hispanic,17,Clinton,76013
2005,0,Total,0,Total,1,White Non Hispanic,18,Columbia,57635
2005,0,Total,0,Total,1,White Non Hispanic,19,Cortland,46707
2005,0,Total,0,Total,1,White Non Hispanic,20,Delaware,45029
2005,0,Total,0,Total,1,White Non Hispanic,21,Dutchess,231851
2005,0,Total,0,Total,1,White Non Hispanic,22,Erie,748846
2005,0,Total,0,Total,1,White Non Hispanic,23,Essex,36235
2005,0,Total,0,Total,1,White Non Hispanic,24,Franklin,42538
2005,0,Total,0,Total,1,White Non Hispanic,25,Fulton,52919
2005,0,Total,0,Total,1,White Non Hispanic,26,Genesee,55825
2005,0,Total,0,Total,1,White Non Hispanic,27,Greene,43942
2005,0,Total,0,Total,1,White Non Hispanic,28,Hamilton,5081
2005,0,Total,0,Total,1,White Non Hispanic,29,Herkimer,61783
2005,0,Total,0,Total,1,White Non Hispanic,30,Jefferson,102806
2005,0,Total,0,Total,1,White Non Hispanic,31,Lewis,25975
2005,0,Total,0,Total,1,White Non Hispanic,32,Livingston,59991
2005,0,Total,0,Total,1,White Non Hispanic,33,Madison,67386
2005,0,Total,0,Total,1,White Non Hispanic,34,Monroe,562978
2005,0,Total,0,Total,1,White Non Hispanic,35,Montgomery,43795
2005,0,Total,0,Total,1,White Non Hispanic,36,Nassau,939468
2005,0,Total,0,Total,1,White Non Hispanic,37,Niagara,195285
2005,0,Total,0,Total,1,White Non Hispanic,38,Oneida,207664
2005,0,Total,0,Total,1,White Non Hispanic,39,Onondaga,382417
2005,0,Total,0,Total,1,White Non Hispanic,40,Ontario,98454
2005,0,Total,0,Total,1,White Non Hispanic,41,Orange,272240
2005,0,Total,0,Total,1,White Non Hispanic,42,Orleans,38426
2005,0,Total,0,Total,1,White Non Hispanic,43,Oswego,119426
2005,0,Total,0,Total,1,White Non Hispanic,44,Otsego,59487
2005,0,Total,0,Total,1,White Non Hispanic,45,Putnam,86856
2005,0,Total,0,Total,1,White Non Hispanic,46,Rensselaer,138980
2005,0,Total,0,Total,1,White Non Hispanic,47,Rockland,203878
2005,0,Total,0,Total,1,White Non Hispanic,48,St Lawrence,104642
2005,0,Total,0,Total,1,White Non Hispanic,49,Saratoga,203538
2005,0,Total,0,Total,1,White Non Hispanic,50,Schenectady,124940
2005,0,Total,0,Total,1,White Non Hispanic,51,Schoharie,30921
2005,0,Total,0,Total,1,White Non Hispanic,52,Schuyler,18600
2005,0,Total,0,Total,1,White Non Hispanic,53,Seneca,31864
2005,0,Total,0,Total,1,White Non Hispanic,54,Steuben,94699
2005,0,Total,0,Total,1,White Non Hispanic,55,Suffolk,1126262
2005,0,Total,0,Total,1,White Non Hispanic,56,Sullivan,60083
2005,0,Total,0,Total,1,White Non Hispanic,57,Tioga,49876
2005,0,Total,0,Total,1,White Non Hispanic,58,Tompkins,82324
2005,0,Total,0,Total,1,White Non Hispanic,59,Ulster,155886
2005,0,Total,0,Total,1,White Non Hispanic,60,Warren,63452
2005,0,Total,0,Total,1,White Non Hispanic,61,Washington,59183
2005,0,Total,0,Total,1,White Non Hispanic,62,Wayne,86904
2005,0,Total,0,Total,1,White Non Hispanic,63,Westchester,583666
2005,0,Total,0,Total,1,White Non Hispanic,64,Wyoming,38772
2005,0,Total,0,Total,1,White Non Hispanic,65,Yates,24205
2006,0,Total,0,Total,1,White Non Hispanic,1,New York State,11768800
2006,0,Total,0,Total,1,White Non Hispanic,2,New York City,2912166
2006,0,Total,0,Total,1,White Non Hispanic,3,Bronx,180470
2006,0,Total,0,Total,1,White Non Hispanic,4,Kings,911934
2006,0,Total,0,Total,1,White Non Hispanic,5,New York,781803
2006,0,Total,0,Total,1,White Non Hispanic,6,Queens,715008
2006,0,Total,0,Total,1,White Non Hispanic,7,Richmond,322951
2006,0,Total,0,Total,1,White Non Hispanic,8,Rest of State,8856634
2006,0,Total,0,Total,1,White Non Hispanic,9,Albany,237691
2006,0,Total,0,Total,1,White Non Hispanic,10,Allegany,48452
2006,0,Total,0,Total,1,White Non Hispanic,11,Broome,175660
2006,0,Total,0,Total,1,White Non Hispanic,12,Cattaraugus,76477
2006,0,Total,0,Total,1,White Non Hispanic,13,Cayuga,75414
2006,0,Total,0,Total,1,White Non Hispanic,14,Chautauqua,124193
2006,0,Total,0,Total,1,White Non Hispanic,15,Chemung,79723
2006,0,Total,0,Total,1,White Non Hispanic,16,Chenango,50082
2006,0,Total,0,Total,1,White Non Hispanic,17,Clinton,76064
2006,0,Total,0,Total,1,White Non Hispanic,18,Columbia,56786
2006,0,Total,0,Total,1,White Non Hispanic,19,Cortland,46462
2006,0,Total,0,Total,1,White Non Hispanic,20,Delaware,44309
2006,0,Total,0,Total,1,White Non Hispanic,21,Dutchess,230508
2006,0,Total,0,Total,1,White Non Hispanic,22,Erie,739922
2006,0,Total,0,Total,1,White Non Hispanic,23,Essex,36224
2006,0,Total,0,Total,1,White Non Hispanic,24,Franklin,42234
2006,0,Total,0,Total,1,White Non Hispanic,25,Fulton,52572
2006,0,Total,0,Total,1,White Non Hispanic,26,Genesee,55163
2006,0,Total,0,Total,1,White Non Hispanic,27,Greene,43955
2006,0,Total,0,Total,1,White Non Hispanic,28,Hamilton,5030
2006,0,Total,0,Total,1,White Non Hispanic,29,Herkimer,61259
2006,0,Total,0,Total,1,White Non Hispanic,30,Jefferson,100831
2006,0,Total,0,Total,1,White Non Hispanic,31,Lewis,26056
2006,0,Total,0,Total,1,White Non Hispanic,32,Livingston,59675
2006,0,Total,0,Total,1,White Non Hispanic,33,Madison,67109
2006,0,Total,0,Total,1,White Non Hispanic,34,Monroe,559666
2006,0,Total,0,Total,1,White Non Hispanic,35,Montgomery,43607
2006,0,Total,0,Total,1,White Non Hispanic,36,Nassau,925551
2006,0,Total,0,Total,1,White Non Hispanic,37,Niagara,193541
2006,0,Total,0,Total,1,White Non Hispanic,38,Oneida,206829
2006,0,Total,0,Total,1,White Non Hispanic,39,Onondaga,379274
2006,0,Total,0,Total,1,White Non Hispanic,40,Ontario,97708
2006,0,Total,0,Total,1,White Non Hispanic,41,Orange,271151
2006,0,Total,0,Total,1,White Non Hispanic,42,Orleans,38139
2006,0,Total,0,Total,1,White Non Hispanic,43,Oswego,118768
2006,0,Total,0,Total,1,White Non Hispanic,44,Otsego,59038
2006,0,Total,0,Total,1,White Non Hispanic,45,Putnam,86152
2006,0,Total,0,Total,1,White Non Hispanic,46,Rensselaer,138173
2006,0,Total,0,Total,1,White Non Hispanic,47,Rockland,204504
2006,0,Total,0,Total,1,White Non Hispanic,48,St Lawrence,104353
2006,0,Total,0,Total,1,White Non Hispanic,49,Saratoga,203314
2006,0,Total,0,Total,1,White Non Hispanic,50,Schenectady,124847
2006,0,Total,0,Total,1,White Non Hispanic,51,Schoharie,30846
2006,0,Total,0,Total,1,White Non Hispanic,52,Schuyler,18653
2006,0,Total,0,Total,1,White Non Hispanic,53,Seneca,31624
2006,0,Total,0,Total,1,White Non Hispanic,54,Steuben,94040
2006,0,Total,0,Total,1,White Non Hispanic,55,Suffolk,1113934
2006,0,Total,0,Total,1,White Non Hispanic,56,Sullivan,59449
2006,0,Total,0,Total,1,White Non Hispanic,57,Tioga,49610
2006,0,Total,0,Total,1,White Non Hispanic,58,Tompkins,81699
2006,0,Total,0,Total,1,White Non Hispanic,59,Ulster,154816
2006,0,Total,0,Total,1,White Non Hispanic,60,Warren,63708
2006,0,Total,0,Total,1,White Non Hispanic,61,Washington,59495
2006,0,Total,0,Total,1,White Non Hispanic,62,Wayne,85961
2006,0,Total,0,Total,1,White Non Hispanic,63,Westchester,583683
2006,0,Total,0,Total,1,White Non Hispanic,64,Wyoming,38569
2006,0,Total,0,Total,1,White Non Hispanic,65,Yates,24081
2007,0,Total,0,Total,1,White Non Hispanic,1,New York State,11727093
2007,0,Total,0,Total,1,White Non Hispanic,2,New York City,2959706
2007,0,Total,0,Total,1,White Non Hispanic,3,Bronx,180077
2007,0,Total,0,Total,1,White Non Hispanic,4,Kings,931448
2007,0,Total,0,Total,1,White Non Hispanic,5,New York,804014
2007,0,Total,0,Total,1,White Non Hispanic,6,Queens,719330
2007,0,Total,0,Total,1,White Non Hispanic,7,Richmond,324837
2007,0,Total,0,Total,1,White Non Hispanic,8,Rest of State,8767387
2007,0,Total,0,Total,1,White Non Hispanic,9,Albany,238649
2007,0,Total,0,Total,1,White Non Hispanic,10,Allegany,47762
2007,0,Total,0,Total,1,White Non Hispanic,11,Broome,174664
2007,0,Total,0,Total,1,White Non Hispanic,12,Cattaraugus,75150
2007,0,Total,0,Total,1,White Non Hispanic,13,Cayuga,74219
2007,0,Total,0,Total,1,White Non Hispanic,14,Chautauqua,122725
2007,0,Total,0,Total,1,White Non Hispanic,15,Chemung,79084
2007,0,Total,0,Total,1,White Non Hispanic,16,Chenango,49442
2007,0,Total,0,Total,1,White Non Hispanic,17,Clinton,76071
2007,0,Total,0,Total,1,White Non Hispanic,18,Columbia,56096
2007,0,Total,0,Total,1,White Non Hispanic,19,Cortland,46266
2007,0,Total,0,Total,1,White Non Hispanic,20,Delaware,43626
2007,0,Total,0,Total,1,White Non Hispanic,21,Dutchess,226957
2007,0,Total,0,Total,1,White Non Hispanic,22,Erie,731901
2007,0,Total,0,Total,1,White Non Hispanic,23,Essex,35715
2007,0,Total,0,Total,1,White Non Hispanic,24,Franklin,41700
2007,0,Total,0,Total,1,White Non Hispanic,25,Fulton,52059
2007,0,Total,0,Total,1,White Non Hispanic,26,Genesee,54434
2007,0,Total,0,Total,1,White Non Hispanic,27,Greene,43275
2007,0,Total,0,Total,1,White Non Hispanic,28,Hamilton,4946
2007,0,Total,0,Total,1,White Non Hispanic,29,Herkimer,60415
2007,0,Total,0,Total,1,White Non Hispanic,30,Jefferson,103180
2007,0,Total,0,Total,1,White Non Hispanic,31,Lewis,25761
2007,0,Total,0,Total,1,White Non Hispanic,32,Livingston,58824
2007,0,Total,0,Total,1,White Non Hispanic,33,Madison,66667
2007,0,Total,0,Total,1,White Non Hispanic,34,Monroe,557981
2007,0,Total,0,Total,1,White Non Hispanic,35,Montgomery,43001
2007,0,Total,0,Total,1,White Non Hispanic,36,Nassau,906608
2007,0,Total,0,Total,1,White Non Hispanic,37,Niagara,192027
2007,0,Total,0,Total,1,White Non Hispanic,38,Oneida,204874
2007,0,Total,0,Total,1,White Non Hispanic,39,Onondaga,376697
2007,0,Total,0,Total,1,White Non Hispanic,40,Ontario,97141
2007,0,Total,0,Total,1,White Non Hispanic,41,Orange,269719
2007,0,Total,0,Total,1,White Non Hispanic,42,Orleans,37179
2007,0,Total,0,Total,1,White Non Hispanic,43,Oswego,117103
2007,0,Total,0,Total,1,White Non Hispanic,44,Otsego,58731
2007,0,Total,0,Total,1,White Non Hispanic,45,Putnam,84342
2007,0,Total,0,Total,1,White Non Hispanic,46,Rensselaer,137374
2007,0,Total,0,Total,1,White Non Hispanic,47,Rockland,204628
2007,0,Total,0,Total,1,White Non Hispanic,48,St Lawrence,103050
2007,0,Total,0,Total,1,White Non Hispanic,49,Saratoga,203404
2007,0,Total,0,Total,1,White Non Hispanic,50,Schenectady,124004
2007,0,Total,0,Total,1,White Non Hispanic,51,Schoharie,30567
2007,0,Total,0,Total,1,White Non Hispanic,52,Schuyler,18191
2007,0,Total,0,Total,1,White Non Hispanic,53,Seneca,31090
2007,0,Total,0,Total,1,White Non Hispanic,54,Steuben,92747
2007,0,Total,0,Total,1,White Non Hispanic,55,Suffolk,1096537
2007,0,Total,0,Total,1,White Non Hispanic,56,Sullivan,58992
2007,0,Total,0,Total,1,White Non Hispanic,57,Tioga,48671
2007,0,Total,0,Total,1,White Non Hispanic,58,Tompkins,82052
2007,0,Total,0,Total,1,White Non Hispanic,59,Ulster,153376
2007,0,Total,0,Total,1,White Non Hispanic,60,Warren,63683
2007,0,Total,0,Total,1,White Non Hispanic,61,Washington,58876
2007,0,Total,0,Total,1,White Non Hispanic,62,Wayne,84572
2007,0,Total,0,Total,1,White Non Hispanic,63,Westchester,578875
2007,0,Total,0,Total,1,White Non Hispanic,64,Wyoming,37884
2007,0,Total,0,Total,1,White Non Hispanic,65,Yates,23823
2008,0,Total,0,Total,1,White Non Hispanic,1,New York State,11799671
2008,0,Total,0,Total,1,White Non Hispanic,2,New York City,2993135
2008,0,Total,0,Total,1,White Non Hispanic,3,Bronx,179372
2008,0,Total,0,Total,1,White Non Hispanic,4,Kings,948962
2008,0,Total,0,Total,1,White Non Hispanic,5,New York,818302
2008,0,Total,0,Total,1,White Non Hispanic,6,Queens,720834
2008,0,Total,0,Total,1,White Non Hispanic,7,Richmond,325665
2008,0,Total,0,Total,1,White Non Hispanic,8,Rest of State,8806536
2008,0,Total,0,Total,1,White Non Hispanic,9,Albany,237202
2008,0,Total,0,Total,1,White Non Hispanic,10,Allegany,47776
2008,0,Total,0,Total,1,White Non Hispanic,11,Broome,173280
2008,0,Total,0,Total,1,White Non Hispanic,12,Cattaraugus,74434
2008,0,Total,0,Total,1,White Non Hispanic,13,Cayuga,73860
2008,0,Total,0,Total,1,White Non Hispanic,14,Chautauqua,121963
2008,0,Total,0,Total,1,White Non Hispanic,15,Chemung,78738
2008,0,Total,0,Total,1,White Non Hispanic,16,Chenango,49125
2008,0,Total,0,Total,1,White Non Hispanic,17,Clinton,75744
2008,0,Total,0,Total,1,White Non Hispanic,18,Columbia,55684
2008,0,Total,0,Total,1,White Non Hispanic,19,Cortland,46112
2008,0,Total,0,Total,1,White Non Hispanic,20,Delaware,43371
2008,0,Total,0,Total,1,White Non Hispanic,21,Dutchess,226149
2008,0,Total,0,Total,1,White Non Hispanic,22,Erie,727690
2008,0,Total,0,Total,1,White Non Hispanic,23,Essex,35469
2008,0,Total,0,Total,1,White Non Hispanic,24,Franklin,41554
2008,0,Total,0,Total,1,White Non Hispanic,25,Fulton,51909
2008,0,Total,0,Total,1,White Non Hispanic,26,Genesee,53992
2008,0,Total,0,Total,1,White Non Hispanic,27,Greene,42932
2008,0,Total,0,Total,1,White Non Hispanic,28,Hamilton,4887
2008,0,Total,0,Total,1,White Non Hispanic,29,Herkimer,59989
2008,0,Total,0,Total,1,White Non Hispanic,30,Jefferson,103149
2008,0,Total,0,Total,1,White Non Hispanic,31,Lewis,25504
2008,0,Total,0,Total,1,White Non Hispanic,32,Livingston,58658
2008,0,Total,0,Total,1,White Non Hispanic,33,Madison,66484
2008,0,Total,0,Total,1,White Non Hispanic,34,Monroe,559004
2008,0,Total,0,Total,1,White Non Hispanic,35,Montgomery,42808
2008,0,Total,0,Total,1,White Non Hispanic,36,Nassau,931186
2008,0,Total,0,Total,1,White Non Hispanic,37,Niagara,191286
2008,0,Total,0,Total,1,White Non Hispanic,38,Oneida,203503
2008,0,Total,0,Total,1,White Non Hispanic,39,Onondaga,374483
2008,0,Total,0,Total,1,White Non Hispanic,40,Ontario,97366
2008,0,Total,0,Total,1,White Non Hispanic,41,Orange,268688
2008,0,Total,0,Total,1,White Non Hispanic,42,Orleans,36874
2008,0,Total,0,Total,1,White Non Hispanic,43,Oswego,116746
2008,0,Total,0,Total,1,White Non Hispanic,44,Otsego,58260
2008,0,Total,0,Total,1,White Non Hispanic,45,Putnam,83705
2008,0,Total,0,Total,1,White Non Hispanic,46,Rensselaer,137069
2008,0,Total,0,Total,1,White Non Hispanic,47,Rockland,205281
2008,0,Total,0,Total,1,White Non Hispanic,48,St Lawrence,102730
2008,0,Total,0,Total,1,White Non Hispanic,49,Saratoga,204144
2008,0,Total,0,Total,1,White Non Hispanic,50,Schenectady,123621
2008,0,Total,0,Total,1,White Non Hispanic,51,Schoharie,30392
2008,0,Total,0,Total,1,White Non Hispanic,52,Schuyler,18020
2008,0,Total,0,Total,1,White Non Hispanic,53,Seneca,30893
2008,0,Total,0,Total,1,White Non Hispanic,54,Steuben,92343
2008,0,Total,0,Total,1,White Non Hispanic,55,Suffolk,1135340
2008,0,Total,0,Total,1,White Non Hispanic,56,Sullivan,58776
2008,0,Total,0,Total,1,White Non Hispanic,57,Tioga,48391
2008,0,Total,0,Total,1,White Non Hispanic,58,Tompkins,82191
2008,0,Total,0,Total,1,White Non Hispanic,59,Ulster,152721
2008,0,Total,0,Total,1,White Non Hispanic,60,Warren,63440
2008,0,Total,0,Total,1,White Non Hispanic,61,Washington,58840
2008,0,Total,0,Total,1,White Non Hispanic,62,Wayne,84561
2008,0,Total,0,Total,1,White Non Hispanic,63,Westchester,576689
2008,0,Total,0,Total,1,White Non Hispanic,64,Wyoming,37628
2008,0,Total,0,Total,1,White Non Hispanic,65,Yates,23902
2009,0,Total,0,Total,1,White Non Hispanic,1,New York State,11813166
2009,0,Total,0,Total,1,White Non Hispanic,2,New York City,3018880
2009,0,Total,0,Total,1,White Non Hispanic,3,Bronx,174794
2009,0,Total,0,Total,1,White Non Hispanic,4,Kings,959454
2009,0,Total,0,Total,1,White Non Hispanic,5,New York,838577
2009,0,Total,0,Total,1,White Non Hispanic,6,Queens,719226
2009,0,Total,0,Total,1,White Non Hispanic,7,Richmond,326829
2009,0,Total,0,Total,1,White Non Hispanic,8,Rest of State,8794286
2009,0,Total,0,Total,1,White Non Hispanic,9,Albany,235945
2009,0,Total,0,Total,1,White Non Hispanic,10,Allegany,47125
2009,0,Total,0,Total,1,White Non Hispanic,11,Broome,172809
2009,0,Total,0,Total,1,White Non Hispanic,12,Cattaraugus,74328
2009,0,Total,0,Total,1,White Non Hispanic,13,Cayuga,73468
2009,0,Total,0,Total,1,White Non Hispanic,14,Chautauqua,121549
2009,0,Total,0,Total,1,White Non Hispanic,15,Chemung,79131
2009,0,Total,0,Total,1,White Non Hispanic,16,Chenango,48724
2009,0,Total,0,Total,1,White Non Hispanic,17,Clinton,75379
2009,0,Total,0,Total,1,White Non Hispanic,18,Columbia,55315
2009,0,Total,0,Total,1,White Non Hispanic,19,Cortland,45682
2009,0,Total,0,Total,1,White Non Hispanic,20,Delaware,42761
2009,0,Total,0,Total,1,White Non Hispanic,21,Dutchess,225171
2009,0,Total,0,Total,1,White Non Hispanic,22,Erie,726484
2009,0,Total,0,Total,1,White Non Hispanic,23,Essex,35321
2009,0,Total,0,Total,1,White Non Hispanic,24,Franklin,41338
2009,0,Total,0,Total,1,White Non Hispanic,25,Fulton,51866
2009,0,Total,0,Total,1,White Non Hispanic,26,Genesee,54021
2009,0,Total,0,Total,1,White Non Hispanic,27,Greene,42810
2009,0,Total,0,Total,1,White Non Hispanic,28,Hamilton,4783
2009,0,Total,0,Total,1,White Non Hispanic,29,Herkimer,59868
2009,0,Total,0,Total,1,White Non Hispanic,30,Jefferson,103884
2009,0,Total,0,Total,1,White Non Hispanic,31,Lewis,25425
2009,0,Total,0,Total,1,White Non Hispanic,32,Livingston,58339
2009,0,Total,0,Total,1,White Non Hispanic,33,Madison,66615
2009,0,Total,0,Total,1,White Non Hispanic,34,Monroe,557981
2009,0,Total,0,Total,1,White Non Hispanic,35,Montgomery,42566
2009,0,Total,0,Total,1,White Non Hispanic,36,Nassau,930429
2009,0,Total,0,Total,1,White Non Hispanic,37,Niagara,190652
2009,0,Total,0,Total,1,White Non Hispanic,38,Oneida,202313
2009,0,Total,0,Total,1,White Non Hispanic,39,Onondaga,375300
2009,0,Total,0,Total,1,White Non Hispanic,40,Ontario,97981
2009,0,Total,0,Total,1,White Non Hispanic,41,Orange,267756
2009,0,Total,0,Total,1,White Non Hispanic,42,Orleans,36744
2009,0,Total,0,Total,1,White Non Hispanic,43,Oswego,116578
2009,0,Total,0,Total,1,White Non Hispanic,44,Otsego,57861
2009,0,Total,0,Total,1,White Non Hispanic,45,Putnam,83083
2009,0,Total,0,Total,1,White Non Hispanic,46,Rensselaer,137299
2009,0,Total,0,Total,1,White Non Hispanic,47,Rockland,206057
2009,0,Total,0,Total,1,White Non Hispanic,48,St Lawrence,102619
2009,0,Total,0,Total,1,White Non Hispanic,49,Saratoga,206456
2009,0,Total,0,Total,1,White Non Hispanic,50,Schenectady,123431
2009,0,Total,0,Total,1,White Non Hispanic,51,Schoharie,30016
2009,0,Total,0,Total,1,White Non Hispanic,52,Schuyler,17877
2009,0,Total,0,Total,1,White Non Hispanic,53,Seneca,30870
2009,0,Total,0,Total,1,White Non Hispanic,54,Steuben,92046
2009,0,Total,0,Total,1,White Non Hispanic,55,Suffolk,1135520
2009,0,Total,0,Total,1,White Non Hispanic,56,Sullivan,58061
2009,0,Total,0,Total,1,White Non Hispanic,57,Tioga,48222
2009,0,Total,0,Total,1,White Non Hispanic,58,Tompkins,83238
2009,0,Total,0,Total,1,White Non Hispanic,59,Ulster,152352
2009,0,Total,0,Total,1,White Non Hispanic,60,Warren,63415
2009,0,Total,0,Total,1,White Non Hispanic,61,Washington,58731
2009,0,Total,0,Total,1,White Non Hispanic,62,Wayne,84160
2009,0,Total,0,Total,1,White Non Hispanic,63,Westchester,575525
2009,0,Total,0,Total,1,White Non Hispanic,64,Wyoming,37283
2009,0,Total,0,Total,1,White Non Hispanic,65,Yates,23723
2010,0,Total,0,Total,1,White Non Hispanic,1,New York State,11469927
2010,0,Total,0,Total,1,White Non Hispanic,2,New York City,2785147
2010,0,Total,0,Total,1,White Non Hispanic,3,Bronx,155569
2010,0,Total,0,Total,1,White Non Hispanic,4,Kings,910235
2010,0,Total,0,Total,1,White Non Hispanic,5,New York,778950
2010,0,Total,0,Total,1,White Non Hispanic,6,Queens,636461
2010,0,Total,0,Total,1,White Non Hispanic,7,Richmond,303932
2010,0,Total,0,Total,1,White Non Hispanic,8,Rest of State,8684780
2010,0,Total,0,Total,1,White Non Hispanic,9,Albany,234404
2010,0,Total,0,Total,1,White Non Hispanic,10,Allegany,47058
2010,0,Total,0,Total,1,White Non Hispanic,11,Broome,175569
2010,0,Total,0,Total,1,White Non Hispanic,12,Cattaraugus,74483
2010,0,Total,0,Total,1,White Non Hispanic,13,Cayuga,73868
2010,0,Total,0,Total,1,White Non Hispanic,14,Chautauqua,121726
2010,0,Total,0,Total,1,White Non Hispanic,15,Chemung,78783
2010,0,Total,0,Total,1,White Non Hispanic,16,Chenango,48693
2010,0,Total,0,Total,1,White Non Hispanic,17,Clinton,75517
2010,0,Total,0,Total,1,White Non Hispanic,18,Columbia,56325
2010,0,Total,0,Total,1,White Non Hispanic,19,Cortland,46717
2010,0,Total,0,Total,1,White Non Hispanic,20,Delaware,45069
2010,0,Total,0,Total,1,White Non Hispanic,21,Dutchess,224981
2010,0,Total,0,Total,1,White Non Hispanic,22,Erie,721737
2010,0,Total,0,Total,1,White Non Hispanic,23,Essex,36904
2010,0,Total,0,Total,1,White Non Hispanic,24,Franklin,42958
2010,0,Total,0,Total,1,White Non Hispanic,25,Fulton,52597
2010,0,Total,0,Total,1,White Non Hispanic,26,Genesee,55548
2010,0,Total,0,Total,1,White Non Hispanic,27,Greene,43302
2010,0,Total,0,Total,1,White Non Hispanic,28,Hamilton,4710
2010,0,Total,0,Total,1,White Non Hispanic,29,Herkimer,62133
2010,0,Total,0,Total,1,White Non Hispanic,30,Jefferson,101168
2010,0,Total,0,Total,1,White Non Hispanic,31,Lewis,26379
2010,0,Total,0,Total,1,White Non Hispanic,32,Livingston,60847
2010,0,Total,0,Total,1,White Non Hispanic,33,Madison,69508
2010,0,Total,0,Total,1,White Non Hispanic,34,Monroe,549803
2010,0,Total,0,Total,1,White Non Hispanic,35,Montgomery,43143
2010,0,Total,0,Total,1,White Non Hispanic,36,Nassau,886923
2010,0,Total,0,Total,1,White Non Hispanic,37,Niagara,191261
2010,0,Total,0,Total,1,White Non Hispanic,38,Oneida,201474
2010,0,Total,0,Total,1,White Non Hispanic,39,Onondaga,375642
2010,0,Total,0,Total,1,White Non Hispanic,40,Ontario,100044
2010,0,Total,0,Total,1,White Non Hispanic,41,Orange,258129
2010,0,Total,0,Total,1,White Non Hispanic,42,Orleans,38077
2010,0,Total,0,Total,1,White Non Hispanic,43,Oswego,117028
2010,0,Total,0,Total,1,White Non Hispanic,44,Otsego,58280
2010,0,Total,0,Total,1,White Non Hispanic,45,Putnam,83537
2010,0,Total,0,Total,1,White Non Hispanic,46,Rensselaer,138461
2010,0,Total,0,Total,1,White Non Hispanic,47,Rockland,205728
2010,0,Total,0,Total,1,White Non Hispanic,48,St Lawrence,104831
2010,0,Total,0,Total,1,White Non Hispanic,49,Saratoga,205812
2010,0,Total,0,Total,1,White Non Hispanic,50,Schenectady,122766
2010,0,Total,0,Total,1,White Non Hispanic,51,Schoharie,31024
2010,0,Total,0,Total,1,White Non Hispanic,52,Schuyler,17804
2010,0,Total,0,Total,1,White Non Hispanic,53,Seneca,32277
2010,0,Total,0,Total,1,White Non Hispanic,54,Steuben,94278
2010,0,Total,0,Total,1,White Non Hispanic,55,Suffolk,1079974
2010,0,Total,0,Total,1,White Non Hispanic,56,Sullivan,58605
2010,0,Total,0,Total,1,White Non Hispanic,57,Tioga,49462
2010,0,Total,0,Total,1,White Non Hispanic,58,Tompkins,83249
2010,0,Total,0,Total,1,White Non Hispanic,59,Ulster,151224
2010,0,Total,0,Total,1,White Non Hispanic,60,Warren,63160
2010,0,Total,0,Total,1,White Non Hispanic,61,Washington,59454
2010,0,Total,0,Total,1,White Non Hispanic,62,Wayne,86241
2010,0,Total,0,Total,1,White Non Hispanic,63,Westchester,553311
2010,0,Total,0,Total,1,White Non Hispanic,64,Wyoming,38278
2010,0,Total,0,Total,1,White Non Hispanic,65,Yates,24516
2011,0,Total,0,Total,1,White Non Hispanic,1,New York State,11423050
2011,0,Total,0,Total,1,White Non Hispanic,2,New York City,2792633
2011,0,Total,0,Total,1,White Non Hispanic,3,Bronx,158842
2011,0,Total,0,Total,1,White Non Hispanic,4,Kings,916633
2011,0,Total,0,Total,1,White Non Hispanic,5,New York,779638
2011,0,Total,0,Total,1,White Non Hispanic,6,Queens,634948
2011,0,Total,0,Total,1,White Non Hispanic,7,Richmond,302572
2011,0,Total,0,Total,1,White Non Hispanic,8,Rest of State,8630417
2011,0,Total,0,Total,1,White Non Hispanic,9,Albany,232232
2011,0,Total,0,Total,1,White Non Hispanic,10,Allegany,46697
2011,0,Total,0,Total,1,White Non Hispanic,11,Broome,173659
2011,0,Total,0,Total,1,White Non Hispanic,12,Cattaraugus,73783
2011,0,Total,0,Total,1,White Non Hispanic,13,Cayuga,73288
2011,0,Total,0,Total,1,White Non Hispanic,14,Chautauqua,120791
2011,0,Total,0,Total,1,White Non Hispanic,15,Chemung,78378
2011,0,Total,0,Total,1,White Non Hispanic,16,Chenango,48165
2011,0,Total,0,Total,1,White Non Hispanic,17,Clinton,75139
2011,0,Total,0,Total,1,White Non Hispanic,18,Columbia,55551
2011,0,Total,0,Total,1,White Non Hispanic,19,Cortland,46436
2011,0,Total,0,Total,1,White Non Hispanic,20,Delaware,44458
2011,0,Total,0,Total,1,White Non Hispanic,21,Dutchess,223907
2011,0,Total,0,Total,1,White Non Hispanic,22,Erie,718110
2011,0,Total,0,Total,1,White Non Hispanic,23,Essex,36580
2011,0,Total,0,Total,1,White Non Hispanic,24,Franklin,42764
2011,0,Total,0,Total,1,White Non Hispanic,25,Fulton,52121
2011,0,Total,0,Total,1,White Non Hispanic,26,Genesee,55206
2011,0,Total,0,Total,1,White Non Hispanic,27,Greene,42855
2011,0,Total,0,Total,1,White Non Hispanic,28,Hamilton,4639
2011,0,Total,0,Total,1,White Non Hispanic,29,Herkimer,61610
2011,0,Total,0,Total,1,White Non Hispanic,30,Jefferson,100773
2011,0,Total,0,Total,1,White Non Hispanic,31,Lewis,26256
2011,0,Total,0,Total,1,White Non Hispanic,32,Livingston,60200
2011,0,Total,0,Total,1,White Non Hispanic,33,Madison,69072
2011,0,Total,0,Total,1,White Non Hispanic,34,Monroe,548400
2011,0,Total,0,Total,1,White Non Hispanic,35,Montgomery,42543
2011,0,Total,0,Total,1,White Non Hispanic,36,Nassau,878319
2011,0,Total,0,Total,1,White Non Hispanic,37,Niagara,190249
2011,0,Total,0,Total,1,White Non Hispanic,38,Oneida,200170
2011,0,Total,0,Total,1,White Non Hispanic,39,Onondaga,374090
2011,0,Total,0,Total,1,White Non Hispanic,40,Ontario,100064
2011,0,Total,0,Total,1,White Non Hispanic,41,Orange,256911
2011,0,Total,0,Total,1,White Non Hispanic,42,Orleans,37649
2011,0,Total,0,Total,1,White Non Hispanic,43,Oswego,116719
2011,0,Total,0,Total,1,White Non Hispanic,44,Otsego,57682
2011,0,Total,0,Total,1,White Non Hispanic,45,Putnam,83030
2011,0,Total,0,Total,1,White Non Hispanic,46,Rensselaer,137579
2011,0,Total,0,Total,1,White Non Hispanic,47,Rockland,205862
2011,0,Total,0,Total,1,White Non Hispanic,48,St Lawrence,104286
2011,0,Total,0,Total,1,White Non Hispanic,49,Saratoga,205865
2011,0,Total,0,Total,1,White Non Hispanic,50,Schenectady,122111
2011,0,Total,0,Total,1,White Non Hispanic,51,Schoharie,30738
2011,0,Total,0,Total,1,White Non Hispanic,52,Schuyler,17706
2011,0,Total,0,Total,1,White Non Hispanic,53,Seneca,32005
2011,0,Total,0,Total,1,White Non Hispanic,54,Steuben,93991
2011,0,Total,0,Total,1,White Non Hispanic,55,Suffolk,1073014
2011,0,Total,0,Total,1,White Non Hispanic,56,Sullivan,57748
2011,0,Total,0,Total,1,White Non Hispanic,57,Tioga,49165
2011,0,Total,0,Total,1,White Non Hispanic,58,Tompkins,81877
2011,0,Total,0,Total,1,White Non Hispanic,59,Ulster,150396
2011,0,Total,0,Total,1,White Non Hispanic,60,Warren,62960
2011,0,Total,0,Total,1,White Non Hispanic,61,Washington,59157
2011,0,Total,0,Total,1,White Non Hispanic,62,Wayne,85545
2011,0,Total,0,Total,1,White Non Hispanic,63,Westchester,549504
2011,0,Total,0,Total,1,White Non Hispanic,64,Wyoming,37910
2011,0,Total,0,Total,1,White Non Hispanic,65,Yates,24502
2012,0,Total,0,Total,1,White Non Hispanic,1,New York State,11404723
2012,0,Total,0,Total,1,White Non Hispanic,2,New York City,2801715
2012,0,Total,0,Total,1,White Non Hispanic,3,Bronx,153997
2012,0,Total,0,Total,1,White Non Hispanic,4,Kings,930847
2012,0,Total,0,Total,1,White Non Hispanic,5,New York,783134
2012,0,Total,0,Total,1,White Non Hispanic,6,Queens,631355
2012,0,Total,0,Total,1,White Non Hispanic,7,Richmond,302382
2012,0,Total,0,Total,1,White Non Hispanic,8,Rest of State,8603008
2012,0,Total,0,Total,1,White Non Hispanic,9,Albany,232432
2012,0,Total,0,Total,1,White Non Hispanic,10,Allegany,46291
2012,0,Total,0,Total,1,White Non Hispanic,11,Broome,172591
2012,0,Total,0,Total,1,White Non Hispanic,12,Cattaraugus,73332
2012,0,Total,0,Total,1,White Non Hispanic,13,Cayuga,73200
2012,0,Total,0,Total,1,White Non Hispanic,14,Chautauqua,119793
2012,0,Total,0,Total,1,White Non Hispanic,15,Chemung,78456
2012,0,Total,0,Total,1,White Non Hispanic,16,Chenango,47981
2012,0,Total,0,Total,1,White Non Hispanic,17,Clinton,74833
2012,0,Total,0,Total,1,White Non Hispanic,18,Columbia,55421
2012,0,Total,0,Total,1,White Non Hispanic,19,Cortland,46552
2012,0,Total,0,Total,1,White Non Hispanic,20,Delaware,44256
2012,0,Total,0,Total,1,White Non Hispanic,21,Dutchess,222329
2012,0,Total,0,Total,1,White Non Hispanic,22,Erie,717048
2012,0,Total,0,Total,1,White Non Hispanic,23,Essex,36437
2012,0,Total,0,Total,1,White Non Hispanic,24,Franklin,42746
2012,0,Total,0,Total,1,White Non Hispanic,25,Fulton,51828
2012,0,Total,0,Total,1,White Non Hispanic,26,Genesee,55206
2012,0,Total,0,Total,1,White Non Hispanic,27,Greene,42615
2012,0,Total,0,Total,1,White Non Hispanic,28,Hamilton,4628
2012,0,Total,0,Total,1,White Non Hispanic,29,Herkimer,61990
2012,0,Total,0,Total,1,White Non Hispanic,30,Jefferson,101819
2012,0,Total,0,Total,1,White Non Hispanic,31,Lewis,26401
2012,0,Total,0,Total,1,White Non Hispanic,32,Livingston,59949
2012,0,Total,0,Total,1,White Non Hispanic,33,Madison,68385
2012,0,Total,0,Total,1,White Non Hispanic,34,Monroe,548318
2012,0,Total,0,Total,1,White Non Hispanic,35,Montgomery,42403
2012,0,Total,0,Total,1,White Non Hispanic,36,Nassau,871867
2012,0,Total,0,Total,1,White Non Hispanic,37,Niagara,189344
2012,0,Total,0,Total,1,White Non Hispanic,38,Oneida,198919
2012,0,Total,0,Total,1,White Non Hispanic,39,Onondaga,373041
2012,0,Total,0,Total,1,White Non Hispanic,40,Ontario,99976
2012,0,Total,0,Total,1,White Non Hispanic,41,Orange,255308
2012,0,Total,0,Total,1,White Non Hispanic,42,Orleans,37583
2012,0,Total,0,Total,1,White Non Hispanic,43,Oswego,116285
2012,0,Total,0,Total,1,White Non Hispanic,44,Otsego,57444
2012,0,Total,0,Total,1,White Non Hispanic,45,Putnam,82632
2012,0,Total,0,Total,1,White Non Hispanic,46,Rensselaer,137833
2012,0,Total,0,Total,1,White Non Hispanic,47,Rockland,206431
2012,0,Total,0,Total,1,White Non Hispanic,48,St Lawrence,104638
2012,0,Total,0,Total,1,White Non Hispanic,49,Saratoga,206609
2012,0,Total,0,Total,1,White Non Hispanic,50,Schenectady,121410
2012,0,Total,0,Total,1,White Non Hispanic,51,Schoharie,30361
2012,0,Total,0,Total,1,White Non Hispanic,52,Schuyler,17821
2012,0,Total,0,Total,1,White Non Hispanic,53,Seneca,32034
2012,0,Total,0,Total,1,White Non Hispanic,54,Steuben,94070
2012,0,Total,0,Total,1,White Non Hispanic,55,Suffolk,1067563
2012,0,Total,0,Total,1,White Non Hispanic,56,Sullivan,57501
2012,0,Total,0,Total,1,White Non Hispanic,57,Tioga,48662
2012,0,Total,0,Total,1,White Non Hispanic,58,Tompkins,82752
2012,0,Total,0,Total,1,White Non Hispanic,59,Ulster,149215
2012,0,Total,0,Total,1,White Non Hispanic,60,Warren,62674
2012,0,Total,0,Total,1,White Non Hispanic,61,Washington,59028
2012,0,Total,0,Total,1,White Non Hispanic,62,Wayne,85203
2012,0,Total,0,Total,1,White Non Hispanic,63,Westchester,547274
2012,0,Total,0,Total,1,White Non Hispanic,64,Wyoming,37906
2012,0,Total,0,Total,1,White Non Hispanic,65,Yates,24384
2013,0,Total,0,Total,1,White Non Hispanic,1,New York State,11370913
2013,0,Total,0,Total,1,White Non Hispanic,2,New York City,2815270
2013,0,Total,0,Total,1,White Non Hispanic,3,Bronx,152345
2013,0,Total,0,Total,1,White Non Hispanic,4,Kings,946520
2013,0,Total,0,Total,1,White Non Hispanic,5,New York,787127
2013,0,Total,0,Total,1,White Non Hispanic,6,Queens,627489
2013,0,Total,0,Total,1,White Non Hispanic,7,Richmond,301789
2013,0,Total,0,Total,1,White Non Hispanic,8,Rest of State,8555643
2013,0,Total,0,Total,1,White Non Hispanic,9,Albany,231851
2013,0,Total,0,Total,1,White Non Hispanic,10,Allegany,46028
2013,0,Total,0,Total,1,White Non Hispanic,11,Broome,170675
2013,0,Total,0,Total,1,White Non Hispanic,12,Cattaraugus,72625
2013,0,Total,0,Total,1,White Non Hispanic,13,Cayuga,72948
2013,0,Total,0,Total,1,White Non Hispanic,14,Chautauqua,118845
2013,0,Total,0,Total,1,White Non Hispanic,15,Chemung,77984
2013,0,Total,0,Total,1,White Non Hispanic,16,Chenango,47443
2013,0,Total,0,Total,1,White Non Hispanic,17,Clinton,74588
2013,0,Total,0,Total,1,White Non Hispanic,18,Columbia,55008
2013,0,Total,0,Total,1,White Non Hispanic,19,Cortland,46025
2013,0,Total,0,Total,1,White Non Hispanic,20,Delaware,43590
2013,0,Total,0,Total,1,White Non Hispanic,21,Dutchess,220329
2013,0,Total,0,Total,1,White Non Hispanic,22,Erie,715278
2013,0,Total,0,Total,1,White Non Hispanic,23,Essex,36124
2013,0,Total,0,Total,1,White Non Hispanic,24,Franklin,42496
2013,0,Total,0,Total,1,White Non Hispanic,25,Fulton,51394
2013,0,Total,0,Total,1,White Non Hispanic,26,Genesee,54595
2013,0,Total,0,Total,1,White Non Hispanic,27,Greene,42315
2013,0,Total,0,Total,1,White Non Hispanic,28,Hamilton,4617
2013,0,Total,0,Total,1,White Non Hispanic,29,Herkimer,61459
2013,0,Total,0,Total,1,White Non Hispanic,30,Jefferson,100272
2013,0,Total,0,Total,1,White Non Hispanic,31,Lewis,26234
2013,0,Total,0,Total,1,White Non Hispanic,32,Livingston,59630
2013,0,Total,0,Total,1,White Non Hispanic,33,Madison,68284
2013,0,Total,0,Total,1,White Non Hispanic,34,Monroe,546865
2013,0,Total,0,Total,1,White Non Hispanic,35,Montgomery,42062
2013,0,Total,0,Total,1,White Non Hispanic,36,Nassau,863398
2013,0,Total,0,Total,1,White Non Hispanic,37,Niagara,187942
2013,0,Total,0,Total,1,White Non Hispanic,38,Oneida,197423
2013,0,Total,0,Total,1,White Non Hispanic,39,Onondaga,372416
2013,0,Total,0,Total,1,White Non Hispanic,40,Ontario,100022
2013,0,Total,0,Total,1,White Non Hispanic,41,Orange,253743
2013,0,Total,0,Total,1,White Non Hispanic,42,Orleans,37101
2013,0,Total,0,Total,1,White Non Hispanic,43,Oswego,115552
2013,0,Total,0,Total,1,White Non Hispanic,44,Otsego,57164
2013,0,Total,0,Total,1,White Non Hispanic,45,Putnam,81919
2013,0,Total,0,Total,1,White Non Hispanic,46,Rensselaer,137381
2013,0,Total,0,Total,1,White Non Hispanic,47,Rockland,207014
2013,0,Total,0,Total,1,White Non Hispanic,48,St Lawrence,104324
2013,0,Total,0,Total,1,White Non Hispanic,49,Saratoga,207352
2013,0,Total,0,Total,1,White Non Hispanic,50,Schenectady,120365
2013,0,Total,0,Total,1,White Non Hispanic,51,Schoharie,30069
2013,0,Total,0,Total,1,White Non Hispanic,52,Schuyler,17715
2013,0,Total,0,Total,1,White Non Hispanic,53,Seneca,31950
2013,0,Total,0,Total,1,White Non Hispanic,54,Steuben,93479
2013,0,Total,0,Total,1,White Non Hispanic,55,Suffolk,1059823
2013,0,Total,0,Total,1,White Non Hispanic,56,Sullivan,57135
2013,0,Total,0,Total,1,White Non Hispanic,57,Tioga,48340
2013,0,Total,0,Total,1,White Non Hispanic,58,Tompkins,83250
2013,0,Total,0,Total,1,White Non Hispanic,59,Ulster,147771
2013,0,Total,0,Total,1,White Non Hispanic,60,Warren,62255
2013,0,Total,0,Total,1,White Non Hispanic,61,Washington,59027
2013,0,Total,0,Total,1,White Non Hispanic,62,Wayne,84640
2013,0,Total,0,Total,1,White Non Hispanic,63,Westchester,545866
2013,0,Total,0,Total,1,White Non Hispanic,64,Wyoming,37488
2013,0,Total,0,Total,1,White Non Hispanic,65,Yates,24155
2014,0,Total,0,Total,1,White Non Hispanic,4,Kings,953256
2014,0,Total,0,Total,1,White Non Hispanic,40,Ontario,100254
2014,0,Total,0,Total,1,White Non Hispanic,47,Rockland,207379
2014,0,Total,0,Total,1,White Non Hispanic,52,Schuyler,17742
2014,0,Total,0,Total,1,White Non Hispanic,49,Saratoga,207650
2014,0,Total,0,Total,1,White Non Hispanic,58,Tompkins,83301
2014,0,Total,0,Total,1,White Non Hispanic,31,Lewis,26239
2014,0,Total,0,Total,1,White Non Hispanic,65,Yates,24147
2014,0,Total,0,Total,1,White Non Hispanic,33,Madison,68160
2014,0,Total,0,Total,1,White Non Hispanic,2,New York City,2809904
2014,0,Total,0,Total,1,White Non Hispanic,5,New York,785592
2014,0,Total,0,Total,1,White Non Hispanic,19,Cortland,45899
2014,0,Total,0,Total,1,White Non Hispanic,22,Erie,713135
2014,0,Total,0,Total,1,White Non Hispanic,16,Chenango,47279
2014,0,Total,0,Total,1,White Non Hispanic,54,Steuben,93079
2014,0,Total,0,Total,1,White Non Hispanic,43,Oswego,115035
2014,0,Total,0,Total,1,White Non Hispanic,17,Clinton,74180
2014,0,Total,0,Total,1,White Non Hispanic,12,Cattaraugus,72217
2014,0,Total,0,Total,1,White Non Hispanic,9,Albany,230531
2014,0,Total,0,Total,1,White Non Hispanic,50,Schenectady,119667
2014,0,Total,0,Total,1,White Non Hispanic,1,New York State,11304651
2014,0,Total,0,Total,1,White Non Hispanic,34,Monroe,543665
2014,0,Total,0,Total,1,White Non Hispanic,35,Montgomery,41810
2014,0,Total,0,Total,1,White Non Hispanic,20,Delaware,43327
2014,0,Total,0,Total,1,White Non Hispanic,18,Columbia,54664
2014,0,Total,0,Total,1,White Non Hispanic,32,Livingston,59248
2014,0,Total,0,Total,1,White Non Hispanic,26,Genesee,54243
2014,0,Total,0,Total,1,White Non Hispanic,46,Rensselaer,136492
2014,0,Total,0,Total,1,White Non Hispanic,41,Orange,252011
2014,0,Total,0,Total,1,White Non Hispanic,60,Warren,61822
2014,0,Total,0,Total,1,White Non Hispanic,62,Wayne,84041
2014,0,Total,0,Total,1,White Non Hispanic,8,Rest of State,8494747
2014,0,Total,0,Total,1,White Non Hispanic,23,Essex,35866
2014,0,Total,0,Total,1,White Non Hispanic,48,St Lawrence,103578
2014,0,Total,0,Total,1,White Non Hispanic,37,Niagara,186569
2014,0,Total,0,Total,1,White Non Hispanic,39,Onondaga,369608
2014,0,Total,0,Total,1,White Non Hispanic,63,Westchester,541649
2014,0,Total,0,Total,1,White Non Hispanic,24,Franklin,42155
2014,0,Total,0,Total,1,White Non Hispanic,59,Ulster,146570
2014,0,Total,0,Total,1,White Non Hispanic,7,Richmond,299281
2014,0,Total,0,Total,1,White Non Hispanic,57,Tioga,47938
2014,0,Total,0,Total,1,White Non Hispanic,11,Broome,169203
2014,0,Total,0,Total,1,White Non Hispanic,29,Herkimer,60924
2014,0,Total,0,Total,1,White Non Hispanic,21,Dutchess,218365
2014,0,Total,0,Total,1,White Non Hispanic,55,Suffolk,1050134
2014,0,Total,0,Total,1,White Non Hispanic,64,Wyoming,37145
2014,0,Total,0,Total,1,White Non Hispanic,30,Jefferson,99329
2014,0,Total,0,Total,1,White Non Hispanic,6,Queens,621584
2014,0,Total,0,Total,1,White Non Hispanic,38,Oneida,195444
2014,0,Total,0,Total,1,White Non Hispanic,13,Cayuga,72212
2014,0,Total,0,Total,1,White Non Hispanic,25,Fulton,50863
2014,0,Total,0,Total,1,White Non Hispanic,45,Putnam,81060
2014,0,Total,0,Total,1,White Non Hispanic,51,Schoharie,29751
2014,0,Total,0,Total,1,White Non Hispanic,36,Nassau,853952
2014,0,Total,0,Total,1,White Non Hispanic,44,Otsego,56519
2014,0,Total,0,Total,1,White Non Hispanic,10,Allegany,45496
2014,0,Total,0,Total,1,White Non Hispanic,42,Orleans,36660
2014,0,Total,0,Total,1,White Non Hispanic,14,Chautauqua,117421
2014,0,Total,0,Total,1,White Non Hispanic,15,Chemung,77027
2014,0,Total,0,Total,1,White Non Hispanic,61,Washington,58233
2014,0,Total,0,Total,1,White Non Hispanic,3,Bronx,150191
2014,0,Total,0,Total,1,White Non Hispanic,53,Seneca,31473
2014,0,Total,0,Total,1,White Non Hispanic,27,Greene,41636
2014,0,Total,0,Total,1,White Non Hispanic,56,Sullivan,56210
2014,0,Total,0,Total,1,White Non Hispanic,28,Hamilton,4540
